date,facility_id,medicine_id,stock_level,consumption,replenishment_received
2026-03-01,2,1,102.89,37.0,0.0
2026-03-01,2,2,67.09,22.0,0.0
2026-03-01,2,3,228.25,55.0,0.0
2026-03-01,2,4,52.71,24.0,0.0
2026-03-01,2,5,51.44,12.0,0.0
2026-03-01,3,1,125.9,40.0,0.0
2026-03-01,3,2,121.29,17.0,0.0
2026-03-01,3,3,262.55,60.0,0.0
2026-03-01,3,4,67.49,14.0,0.0
2026-03-01,3,5,55.13,14.0,0.0
2026-03-01,4,1,164.5,40.0,0.0
2026-03-01,4,2,69.12,38.0,0.0
2026-03-01,4,3,179.46,71.0,0.0
2026-03-01,4,4,82.22,20.0,0.0
2026-03-01,4,5,24.89,20.0,0.0
2026-03-01,5,1,128.99,12.0,0.0
2026-03-01,5,2,74.52,6.0,0.0
2026-03-01,5,3,315.71,22.0,0.0
2026-03-01,5,4,93.23,8.0,0.0
2026-03-01,5,5,58.68,6.0,0.0
2026-03-01,6,1,188.98,13.0,0.0
2026-03-01,6,2,101.12,11.0,0.0
2026-03-01,6,3,276.53,23.0,0.0
2026-03-01,6,4,66.83,5.0,0.0
2026-03-01,6,5,41.01,3.0,0.0
2026-03-01,7,1,172.18,18.0,0.0
2026-03-01,7,2,106.98,6.0,0.0
2026-03-01,7,3,283.92,15.0,0.0
2026-03-01,7,4,98.84,8.0,0.0
2026-03-01,7,5,59.22,3.0,0.0
2026-03-01,8,1,165.13,13.0,0.0
2026-03-01,8,2,112.14,7.0,0.0
2026-03-01,8,3,227.19,26.0,0.0
2026-03-01,8,4,61.73,4.0,0.0
2026-03-01,8,5,49.29,6.0,0.0
2026-03-01,9,1,130.53,12.0,0.0
2026-03-01,9,2,101.6,7.0,0.0
2026-03-01,9,3,327.35,22.0,0.0
2026-03-01,9,4,71.1,6.0,0.0
2026-03-01,9,5,41.04,1.0,0.0
2026-03-01,10,1,144.55,5.0,0.0
2026-03-01,10,2,92.55,8.0,0.0
2026-03-01,10,3,299.84,16.0,0.0
2026-03-01,10,4,91.19,4.0,0.0
2026-03-01,10,5,64.44,3.0,0.0
2026-03-01,11,1,170.75,19.0,0.0
2026-03-01,11,2,93.45,15.0,0.0
2026-03-01,11,3,321.45,21.0,0.0
2026-03-01,11,4,67.35,6.0,0.0
2026-03-01,11,5,31.79,9.0,0.0
2026-03-01,12,1,119.46,10.0,0.0
2026-03-01,12,2,123.57,7.0,0.0
2026-03-01,12,3,250.83,30.0,0.0
2026-03-01,12,4,63.03,10.0,0.0
2026-03-01,12,5,50.54,7.0,0.0
2026-03-01,13,1,116.99,19.0,0.0
2026-03-01,13,2,119.74,9.0,0.0
2026-03-01,13,3,259.08,19.0,0.0
2026-03-01,13,4,77.34,8.0,0.0
2026-03-01,13,5,44.55,6.0,0.0
2026-03-01,14,1,172.18,14.0,0.0
2026-03-01,14,2,98.33,7.0,0.0
2026-03-01,14,3,190.34,25.0,0.0
2026-03-01,14,4,62.61,8.0,0.0
2026-03-01,14,5,71.67,2.0,0.0
2026-03-01,15,1,201.4,14.0,0.0
2026-03-01,15,2,126.98,2.0,0.0
2026-03-01,15,3,220.53,26.0,0.0
2026-03-01,15,4,111.27,7.0,0.0
2026-03-01,15,5,65.26,2.0,0.0
2026-03-01,16,1,180.27,15.0,0.0
2026-03-01,16,2,103.46,8.0,0.0
2026-03-01,16,3,224.64,23.0,0.0
2026-03-01,16,4,63.4,6.0,0.0
2026-03-01,16,5,66.59,5.0,0.0
2026-03-02,2,1,56.89,46.0,0.0
2026-03-02,2,2,44.09,23.0,0.0
2026-03-02,2,3,156.25,72.0,0.0
2026-03-02,2,4,35.71,17.0,0.0
2026-03-02,2,5,39.44,12.0,0.0
2026-03-02,3,1,81.9,44.0,0.0
2026-03-02,3,2,89.29,32.0,0.0
2026-03-02,3,3,189.55,73.0,0.0
2026-03-02,3,4,42.49,25.0,0.0
2026-03-02,3,5,40.13,15.0,0.0
2026-03-02,4,1,118.5,46.0,0.0
2026-03-02,4,2,36.12,33.0,0.0
2026-03-02,4,3,100.46,79.0,0.0
2026-03-02,4,4,54.22,28.0,0.0
2026-03-02,4,5,10.89,14.0,0.0
2026-03-02,5,1,115.99,13.0,0.0
2026-03-02,5,2,59.52,15.0,0.0
2026-03-02,5,3,290.71,25.0,0.0
2026-03-02,5,4,87.23,6.0,0.0
2026-03-02,5,5,55.68,3.0,0.0
2026-03-02,6,1,170.98,18.0,0.0
2026-03-02,6,2,92.12,9.0,0.0
2026-03-02,6,3,250.53,26.0,0.0
2026-03-02,6,4,57.83,9.0,0.0
2026-03-02,6,5,38.01,3.0,0.0
2026-03-02,7,1,156.18,16.0,0.0
2026-03-02,7,2,97.98,9.0,0.0
2026-03-02,7,3,259.92,24.0,0.0
2026-03-02,7,4,94.84,4.0,0.0
2026-03-02,7,5,55.22,4.0,0.0
2026-03-02,8,1,153.13,12.0,0.0
2026-03-02,8,2,101.14,11.0,0.0
2026-03-02,8,3,199.19,28.0,0.0
2026-03-02,8,4,51.73,10.0,0.0
2026-03-02,8,5,44.29,5.0,0.0
2026-03-02,9,1,108.53,22.0,0.0
2026-03-02,9,2,95.6,6.0,0.0
2026-03-02,9,3,307.35,20.0,0.0
2026-03-02,9,4,66.1,5.0,0.0
2026-03-02,9,5,30.04,11.0,0.0
2026-03-02,10,1,126.55,18.0,0.0
2026-03-02,10,2,82.55,10.0,0.0
2026-03-02,10,3,277.84,22.0,0.0
2026-03-02,10,4,84.19,7.0,0.0
2026-03-02,10,5,56.44,8.0,0.0
2026-03-02,11,1,157.75,13.0,0.0
2026-03-02,11,2,81.45,12.0,0.0
2026-03-02,11,3,290.45,31.0,0.0
2026-03-02,11,4,62.35,5.0,0.0
2026-03-02,11,5,28.79,3.0,0.0
2026-03-02,12,1,98.46,21.0,0.0
2026-03-02,12,2,115.57,8.0,0.0
2026-03-02,12,3,228.83,22.0,0.0
2026-03-02,12,4,56.03,7.0,0.0
2026-03-02,12,5,44.54,6.0,0.0
2026-03-02,13,1,100.99,16.0,0.0
2026-03-02,13,2,104.74,15.0,0.0
2026-03-02,13,3,241.08,18.0,0.0
2026-03-02,13,4,75.34,2.0,0.0
2026-03-02,13,5,37.55,7.0,0.0
2026-03-02,14,1,151.18,21.0,0.0
2026-03-02,14,2,88.33,10.0,0.0
2026-03-02,14,3,164.34,26.0,0.0
2026-03-02,14,4,54.61,8.0,0.0
2026-03-02,14,5,62.67,9.0,0.0
2026-03-02,15,1,186.4,15.0,0.0
2026-03-02,15,2,121.98,5.0,0.0
2026-03-02,15,3,199.53,21.0,0.0
2026-03-02,15,4,106.27,5.0,0.0
2026-03-02,15,5,62.26,3.0,0.0
2026-03-02,16,1,166.27,14.0,0.0
2026-03-02,16,2,89.46,14.0,0.0
2026-03-02,16,3,199.64,25.0,0.0
2026-03-02,16,4,54.4,9.0,0.0
2026-03-02,16,5,62.59,4.0,0.0
2026-03-03,2,1,19.89,37.0,0.0
2026-03-03,2,2,30.09,14.0,0.0
2026-03-03,2,3,78.25,78.0,0.0
2026-03-03,2,4,10.71,25.0,0.0
2026-03-03,2,5,19.44,20.0,0.0
2026-03-03,3,1,28.9,53.0,0.0
2026-03-03,3,2,65.29,24.0,0.0
2026-03-03,3,3,103.55,86.0,0.0
2026-03-03,3,4,10.49,32.0,0.0
2026-03-03,3,5,27.13,13.0,0.0
2026-03-03,4,1,77.5,41.0,0.0
2026-03-03,4,2,4.12,32.0,0.0
2026-03-03,4,3,1077.46,73.0,1050.0
2026-03-03,4,4,39.22,15.0,0.0
2026-03-03,4,5,0.0,10.89,0.0
2026-03-03,5,1,104.99,11.0,0.0
2026-03-03,5,2,47.52,12.0,0.0
2026-03-03,5,3,268.71,22.0,0.0
2026-03-03,5,4,80.23,7.0,0.0
2026-03-03,5,5,52.68,3.0,0.0
2026-03-03,6,1,155.98,15.0,0.0
2026-03-03,6,2,84.12,8.0,0.0
2026-03-03,6,3,224.53,26.0,0.0
2026-03-03,6,4,51.83,6.0,0.0
2026-03-03,6,5,29.01,9.0,0.0
2026-03-03,7,1,141.18,15.0,0.0
2026-03-03,7,2,88.98,9.0,0.0
2026-03-03,7,3,239.92,20.0,0.0
2026-03-03,7,4,82.84,12.0,0.0
2026-03-03,7,5,49.22,6.0,0.0
2026-03-03,8,1,139.13,14.0,0.0
2026-03-03,8,2,90.14,11.0,0.0
2026-03-03,8,3,175.19,24.0,0.0
2026-03-03,8,4,45.73,6.0,0.0
2026-03-03,8,5,40.29,4.0,0.0
2026-03-03,9,1,96.53,12.0,0.0
2026-03-03,9,2,88.6,7.0,0.0
2026-03-03,9,3,283.35,24.0,0.0
2026-03-03,9,4,60.1,6.0,0.0
2026-03-03,9,5,22.04,8.0,0.0
2026-03-03,10,1,113.55,13.0,0.0
2026-03-03,10,2,71.55,11.0,0.0
2026-03-03,10,3,258.84,19.0,0.0
2026-03-03,10,4,75.19,9.0,0.0
2026-03-03,10,5,52.44,4.0,0.0
2026-03-03,11,1,137.75,20.0,0.0
2026-03-03,11,2,72.45,9.0,0.0
2026-03-03,11,3,269.45,21.0,0.0
2026-03-03,11,4,51.35,11.0,0.0
2026-03-03,11,5,24.79,4.0,0.0
2026-03-03,12,1,74.46,24.0,0.0
2026-03-03,12,2,98.57,17.0,0.0
2026-03-03,12,3,202.83,26.0,0.0
2026-03-03,12,4,52.03,4.0,0.0
2026-03-03,12,5,36.54,8.0,0.0
2026-03-03,13,1,87.99,13.0,0.0
2026-03-03,13,2,96.74,8.0,0.0
2026-03-03,13,3,214.08,27.0,0.0
2026-03-03,13,4,70.34,5.0,0.0
2026-03-03,13,5,33.55,4.0,0.0
2026-03-03,14,1,141.18,10.0,0.0
2026-03-03,14,2,79.33,9.0,0.0
2026-03-03,14,3,142.34,22.0,0.0
2026-03-03,14,4,45.61,9.0,0.0
2026-03-03,14,5,52.67,10.0,0.0
2026-03-03,15,1,170.4,16.0,0.0
2026-03-03,15,2,112.98,9.0,0.0
2026-03-03,15,3,176.53,23.0,0.0
2026-03-03,15,4,100.27,6.0,0.0
2026-03-03,15,5,56.26,6.0,0.0
2026-03-03,16,1,154.27,12.0,0.0
2026-03-03,16,2,81.46,8.0,0.0
2026-03-03,16,3,166.64,33.0,0.0
2026-03-03,16,4,44.4,10.0,0.0
2026-03-03,16,5,54.59,8.0,0.0
2026-03-04,2,1,601.89,48.0,630.0
2026-03-04,2,2,4.09,26.0,0.0
2026-03-04,2,3,1038.25,90.0,1050.0
2026-03-04,2,4,0.0,10.71,0.0
2026-03-04,2,5,4.44,15.0,0.0
2026-03-04,3,1,619.9,39.0,630.0
2026-03-04,3,2,39.29,26.0,0.0
2026-03-04,3,3,1076.55,77.0,1050.0
2026-03-04,3,4,0.0,10.49,0.0
2026-03-04,3,5,17.13,10.0,0.0
2026-03-04,4,1,672.5,35.0,630.0
2026-03-04,4,2,0.0,4.12,0.0
2026-03-04,4,3,999.46,78.0,0.0
2026-03-04,4,4,21.22,18.0,0.0
2026-03-04,4,5,0.0,0.0,0.0
2026-03-04,5,1,85.99,19.0,0.0
2026-03-04,5,2,38.52,9.0,0.0
2026-03-04,5,3,243.71,25.0,0.0
2026-03-04,5,4,70.23,10.0,0.0
2026-03-04,5,5,43.68,9.0,0.0
2026-03-04,6,1,134.98,21.0,0.0
2026-03-04,6,2,70.12,14.0,0.0
2026-03-04,6,3,205.53,19.0,0.0
2026-03-04,6,4,49.83,2.0,0.0
2026-03-04,6,5,25.01,4.0,0.0
2026-03-04,7,1,130.18,11.0,0.0
2026-03-04,7,2,78.98,10.0,0.0
2026-03-04,7,3,222.92,17.0,0.0
2026-03-04,7,4,73.84,9.0,0.0
2026-03-04,7,5,47.22,2.0,0.0
2026-03-04,8,1,128.13,11.0,0.0
2026-03-04,8,2,84.14,6.0,0.0
2026-03-04,8,3,151.19,24.0,0.0
2026-03-04,8,4,33.73,12.0,0.0
2026-03-04,8,5,37.29,3.0,0.0
2026-03-04,9,1,82.53,14.0,0.0
2026-03-04,9,2,75.6,13.0,0.0
2026-03-04,9,3,260.35,23.0,0.0
2026-03-04,9,4,55.1,5.0,0.0
2026-03-04,9,5,16.04,6.0,0.0
2026-03-04,10,1,91.55,22.0,0.0
2026-03-04,10,2,64.55,7.0,0.0
2026-03-04,10,3,238.84,20.0,0.0
2026-03-04,10,4,71.19,4.0,0.0
2026-03-04,10,5,48.44,4.0,0.0
2026-03-04,11,1,124.75,13.0,0.0
2026-03-04,11,2,61.45,11.0,0.0
2026-03-04,11,3,252.45,17.0,0.0
2026-03-04,11,4,43.35,8.0,0.0
2026-03-04,11,5,17.79,7.0,0.0
2026-03-04,12,1,60.46,14.0,0.0
2026-03-04,12,2,87.57,11.0,0.0
2026-03-04,12,3,180.83,22.0,0.0
2026-03-04,12,4,42.03,10.0,0.0
2026-03-04,12,5,30.54,6.0,0.0
2026-03-04,13,1,74.99,13.0,0.0
2026-03-04,13,2,87.74,9.0,0.0
2026-03-04,13,3,188.08,26.0,0.0
2026-03-04,13,4,60.34,10.0,0.0
2026-03-04,13,5,30.55,3.0,0.0
2026-03-04,14,1,126.18,15.0,0.0
2026-03-04,14,2,71.33,8.0,0.0
2026-03-04,14,3,119.34,23.0,0.0
2026-03-04,14,4,34.61,11.0,0.0
2026-03-04,14,5,46.67,6.0,0.0
2026-03-04,15,1,157.4,13.0,0.0
2026-03-04,15,2,98.98,14.0,0.0
2026-03-04,15,3,154.53,22.0,0.0
2026-03-04,15,4,94.27,6.0,0.0
2026-03-04,15,5,53.26,3.0,0.0
2026-03-04,16,1,143.27,11.0,0.0
2026-03-04,16,2,74.46,7.0,0.0
2026-03-04,16,3,142.64,24.0,0.0
2026-03-04,16,4,37.4,7.0,0.0
2026-03-04,16,5,49.59,5.0,0.0
2026-03-05,2,1,546.89,55.0,0.0
2026-03-05,2,2,0.0,4.09,0.0
2026-03-05,2,3,953.25,85.0,0.0
2026-03-05,2,4,312.0,24.0,336.0
2026-03-05,2,5,0.0,4.44,0.0
2026-03-05,3,1,575.9,44.0,0.0
2026-03-05,3,2,0.0,39.29,0.0
2026-03-05,3,3,1010.55,66.0,0.0
2026-03-05,3,4,299.0,37.0,336.0
2026-03-05,3,5,0.0,17.13,0.0
2026-03-05,4,1,636.5,36.0,0.0
2026-03-05,4,2,0.0,0.0,0.0
2026-03-05,4,3,919.46,80.0,0.0
2026-03-05,4,4,334.22,23.0,336.0
2026-03-05,4,5,0.0,0.0,0.0
2026-03-05,5,1,76.99,9.0,0.0
2026-03-05,5,2,25.52,13.0,0.0
2026-03-05,5,3,209.71,34.0,0.0
2026-03-05,5,4,66.23,4.0,0.0
2026-03-05,5,5,39.68,4.0,0.0
2026-03-05,6,1,124.98,10.0,0.0
2026-03-05,6,2,63.12,7.0,0.0
2026-03-05,6,3,172.53,33.0,0.0
2026-03-05,6,4,40.83,9.0,0.0
2026-03-05,6,5,19.01,6.0,0.0
2026-03-05,7,1,113.18,17.0,0.0
2026-03-05,7,2,71.98,7.0,0.0
2026-03-05,7,3,202.92,20.0,0.0
2026-03-05,7,4,64.84,9.0,0.0
2026-03-05,7,5,43.22,4.0,0.0
2026-03-05,8,1,107.13,21.0,0.0
2026-03-05,8,2,73.14,11.0,0.0
2026-03-05,8,3,127.19,24.0,0.0
2026-03-05,8,4,20.73,13.0,0.0
2026-03-05,8,5,32.29,5.0,0.0
2026-03-05,9,1,72.53,10.0,0.0
2026-03-05,9,2,67.6,8.0,0.0
2026-03-05,9,3,228.35,32.0,0.0
2026-03-05,9,4,49.1,6.0,0.0
2026-03-05,9,5,13.04,3.0,0.0
2026-03-05,10,1,76.55,15.0,0.0
2026-03-05,10,2,52.55,12.0,0.0
2026-03-05,10,3,214.84,24.0,0.0
2026-03-05,10,4,64.19,7.0,0.0
2026-03-05,10,5,45.44,3.0,0.0
2026-03-05,11,1,111.75,13.0,0.0
2026-03-05,11,2,51.45,10.0,0.0
2026-03-05,11,3,219.45,33.0,0.0
2026-03-05,11,4,40.35,3.0,0.0
2026-03-05,11,5,12.79,5.0,0.0
2026-03-05,12,1,47.46,13.0,0.0
2026-03-05,12,2,79.57,8.0,0.0
2026-03-05,12,3,145.83,35.0,0.0
2026-03-05,12,4,38.03,4.0,0.0
2026-03-05,12,5,24.54,6.0,0.0
2026-03-05,13,1,64.99,10.0,0.0
2026-03-05,13,2,74.74,13.0,0.0
2026-03-05,13,3,167.08,21.0,0.0
2026-03-05,13,4,53.34,7.0,0.0
2026-03-05,13,5,27.55,3.0,0.0
2026-03-05,14,1,111.18,15.0,0.0
2026-03-05,14,2,66.33,5.0,0.0
2026-03-05,14,3,90.34,29.0,0.0
2026-03-05,14,4,23.61,11.0,0.0
2026-03-05,14,5,42.67,4.0,0.0
2026-03-05,15,1,146.4,11.0,0.0
2026-03-05,15,2,90.98,8.0,0.0
2026-03-05,15,3,121.53,33.0,0.0
2026-03-05,15,4,88.27,6.0,0.0
2026-03-05,15,5,50.26,3.0,0.0
2026-03-05,16,1,126.27,17.0,0.0
2026-03-05,16,2,67.46,7.0,0.0
2026-03-05,16,3,111.64,31.0,0.0
2026-03-05,16,4,24.4,13.0,0.0
2026-03-05,16,5,42.59,7.0,0.0
2026-03-06,2,1,496.89,50.0,0.0
2026-03-06,2,2,390.0,30.0,420.0
2026-03-06,2,3,875.25,78.0,0.0
2026-03-06,2,4,289.0,23.0,0.0
2026-03-06,2,5,0.0,0.0,0.0
2026-03-06,3,1,532.9,43.0,0.0
2026-03-06,3,2,382.0,38.0,420.0
2026-03-06,3,3,928.55,82.0,0.0
2026-03-06,3,4,274.0,25.0,0.0
2026-03-06,3,5,0.0,0.0,0.0
2026-03-06,4,1,597.5,39.0,0.0
2026-03-06,4,2,389.0,31.0,420.0
2026-03-06,4,3,862.46,57.0,0.0
2026-03-06,4,4,304.22,30.0,0.0
2026-03-06,4,5,0.0,0.0,0.0
2026-03-06,5,1,64.99,12.0,0.0
2026-03-06,5,2,158.52,7.0,140.0
2026-03-06,5,3,180.71,29.0,0.0
2026-03-06,5,4,58.23,8.0,0.0
2026-03-06,5,5,33.68,6.0,0.0
2026-03-06,6,1,102.98,22.0,0.0
2026-03-06,6,2,57.12,6.0,0.0
2026-03-06,6,3,155.53,17.0,0.0
2026-03-06,6,4,35.83,5.0,0.0
2026-03-06,6,5,10.01,9.0,0.0
2026-03-06,7,1,94.18,19.0,0.0
2026-03-06,7,2,65.98,6.0,0.0
2026-03-06,7,3,171.92,31.0,0.0
2026-03-06,7,4,55.84,9.0,0.0
2026-03-06,7,5,38.22,5.0,0.0
2026-03-06,8,1,90.13,17.0,0.0
2026-03-06,8,2,61.14,12.0,0.0
2026-03-06,8,3,103.19,24.0,0.0
2026-03-06,8,4,12.73,8.0,0.0
2026-03-06,8,5,25.29,7.0,0.0
2026-03-06,9,1,57.53,15.0,0.0
2026-03-06,9,2,52.6,15.0,0.0
2026-03-06,9,3,204.35,24.0,0.0
2026-03-06,9,4,47.1,2.0,0.0
2026-03-06,9,5,9.04,4.0,0.0
2026-03-06,10,1,65.55,11.0,0.0
2026-03-06,10,2,44.55,8.0,0.0
2026-03-06,10,3,190.84,24.0,0.0
2026-03-06,10,4,55.19,9.0,0.0
2026-03-06,10,5,35.44,10.0,0.0
2026-03-06,11,1,92.75,19.0,0.0
2026-03-06,11,2,43.45,8.0,0.0
2026-03-06,11,3,193.45,26.0,0.0
2026-03-06,11,4,32.35,8.0,0.0
2026-03-06,11,5,9.79,3.0,0.0
2026-03-06,12,1,34.46,13.0,0.0
2026-03-06,12,2,68.57,11.0,0.0
2026-03-06,12,3,130.83,15.0,0.0
2026-03-06,12,4,32.03,6.0,0.0
2026-03-06,12,5,21.54,3.0,0.0
2026-03-06,13,1,48.99,16.0,0.0
2026-03-06,13,2,67.74,7.0,0.0
2026-03-06,13,3,139.08,28.0,0.0
2026-03-06,13,4,47.34,6.0,0.0
2026-03-06,13,5,25.55,2.0,0.0
2026-03-06,14,1,97.18,14.0,0.0
2026-03-06,14,2,55.33,11.0,0.0
2026-03-06,14,3,60.34,30.0,0.0
2026-03-06,14,4,19.61,4.0,0.0
2026-03-06,14,5,38.67,4.0,0.0
2026-03-06,15,1,124.4,22.0,0.0
2026-03-06,15,2,74.98,16.0,0.0
2026-03-06,15,3,94.53,27.0,0.0
2026-03-06,15,4,80.27,8.0,0.0
2026-03-06,15,5,45.26,5.0,0.0
2026-03-06,16,1,108.27,18.0,0.0
2026-03-06,16,2,53.46,14.0,0.0
2026-03-06,16,3,80.64,31.0,0.0
2026-03-06,16,4,16.4,8.0,0.0
2026-03-06,16,5,38.59,4.0,0.0
2026-03-07,2,1,451.89,45.0,0.0
2026-03-07,2,2,359.0,31.0,0.0
2026-03-07,2,3,793.25,82.0,0.0
2026-03-07,2,4,269.0,20.0,0.0
2026-03-07,2,5,0.0,0.0,0.0
2026-03-07,3,1,508.9,24.0,0.0
2026-03-07,3,2,363.0,19.0,0.0
2026-03-07,3,3,866.55,62.0,0.0
2026-03-07,3,4,257.0,17.0,0.0
2026-03-07,3,5,0.0,0.0,0.0
2026-03-07,4,1,556.5,41.0,0.0
2026-03-07,4,2,364.0,25.0,0.0
2026-03-07,4,3,790.46,72.0,0.0
2026-03-07,4,4,283.22,21.0,0.0
2026-03-07,4,5,0.0,0.0,0.0
2026-03-07,5,1,44.99,20.0,0.0
2026-03-07,5,2,148.52,10.0,0.0
2026-03-07,5,3,153.71,27.0,0.0
2026-03-07,5,4,52.23,6.0,0.0
2026-03-07,5,5,29.68,4.0,0.0
2026-03-07,6,1,78.98,24.0,0.0
2026-03-07,6,2,47.12,10.0,0.0
2026-03-07,6,3,135.53,20.0,0.0
2026-03-07,6,4,28.83,7.0,0.0
2026-03-07,6,5,5.01,5.0,0.0
2026-03-07,7,1,86.18,8.0,0.0
2026-03-07,7,2,53.98,12.0,0.0
2026-03-07,7,3,148.92,23.0,0.0
2026-03-07,7,4,52.84,3.0,0.0
2026-03-07,7,5,36.22,2.0,0.0
2026-03-07,8,1,80.13,10.0,0.0
2026-03-07,8,2,56.14,5.0,0.0
2026-03-07,8,3,86.19,17.0,0.0
2026-03-07,8,4,110.73,14.0,112.0
2026-03-07,8,5,21.29,4.0,0.0
2026-03-07,9,1,43.53,14.0,0.0
2026-03-07,9,2,47.6,5.0,0.0
2026-03-07,9,3,184.35,20.0,0.0
2026-03-07,9,4,39.1,8.0,0.0
2026-03-07,9,5,6.04,3.0,0.0
2026-03-07,10,1,48.55,17.0,0.0
2026-03-07,10,2,33.55,11.0,0.0
2026-03-07,10,3,168.84,22.0,0.0
2026-03-07,10,4,51.19,4.0,0.0
2026-03-07,10,5,30.44,5.0,0.0
2026-03-07,11,1,81.75,11.0,0.0
2026-03-07,11,2,34.45,9.0,0.0
2026-03-07,11,3,178.45,15.0,0.0
2026-03-07,11,4,25.35,7.0,0.0
2026-03-07,11,5,7.79,2.0,0.0
2026-03-07,12,1,230.46,14.0,210.0
2026-03-07,12,2,59.57,9.0,0.0
2026-03-07,12,3,118.83,12.0,0.0
2026-03-07,12,4,26.03,6.0,0.0
2026-03-07,12,5,13.54,8.0,0.0
2026-03-07,13,1,36.99,12.0,0.0
2026-03-07,13,2,55.74,12.0,0.0
2026-03-07,13,3,112.08,27.0,0.0
2026-03-07,13,4,39.34,8.0,0.0
2026-03-07,13,5,22.55,3.0,0.0
2026-03-07,14,1,82.18,15.0,0.0
2026-03-07,14,2,51.33,4.0,0.0
2026-03-07,14,3,29.34,31.0,0.0
2026-03-07,14,4,122.61,9.0,112.0
2026-03-07,14,5,35.67,3.0,0.0
2026-03-07,15,1,115.4,9.0,0.0
2026-03-07,15,2,69.98,5.0,0.0
2026-03-07,15,3,77.53,17.0,0.0
2026-03-07,15,4,71.27,9.0,0.0
2026-03-07,15,5,43.26,2.0,0.0
2026-03-07,16,1,98.27,10.0,0.0
2026-03-07,16,2,49.46,4.0,0.0
2026-03-07,16,3,63.64,17.0,0.0
2026-03-07,16,4,121.4,7.0,112.0
2026-03-07,16,5,32.59,6.0,0.0
2026-03-08,2,1,412.89,39.0,0.0
2026-03-08,2,2,336.0,23.0,0.0
2026-03-08,2,3,736.25,57.0,0.0
2026-03-08,2,4,247.0,22.0,0.0
2026-03-08,2,5,200.0,10.0,210.0
2026-03-08,3,1,481.9,27.0,0.0
2026-03-08,3,2,333.0,30.0,0.0
2026-03-08,3,3,810.55,56.0,0.0
2026-03-08,3,4,236.0,21.0,0.0
2026-03-08,3,5,200.0,10.0,210.0
2026-03-08,4,1,522.5,34.0,0.0
2026-03-08,4,2,329.0,35.0,0.0
2026-03-08,4,3,725.46,65.0,0.0
2026-03-08,4,4,269.22,14.0,0.0
2026-03-08,4,5,197.0,13.0,210.0
2026-03-08,5,1,25.99,19.0,0.0
2026-03-08,5,2,139.52,9.0,0.0
2026-03-08,5,3,129.71,24.0,0.0
2026-03-08,5,4,43.23,9.0,0.0
2026-03-08,5,5,26.68,3.0,0.0
2026-03-08,6,1,66.98,12.0,0.0
2026-03-08,6,2,34.12,13.0,0.0
2026-03-08,6,3,113.53,22.0,0.0
2026-03-08,6,4,18.83,10.0,0.0
2026-03-08,6,5,73.01,2.0,70.0
2026-03-08,7,1,66.18,20.0,0.0
2026-03-08,7,2,46.98,7.0,0.0
2026-03-08,7,3,128.92,20.0,0.0
2026-03-08,7,4,45.84,7.0,0.0
2026-03-08,7,5,32.22,4.0,0.0
2026-03-08,8,1,67.13,13.0,0.0
2026-03-08,8,2,50.14,6.0,0.0
2026-03-08,8,3,69.19,17.0,0.0
2026-03-08,8,4,104.73,6.0,0.0
2026-03-08,8,5,84.29,7.0,70.0
2026-03-08,9,1,22.53,21.0,0.0
2026-03-08,9,2,41.6,6.0,0.0
2026-03-08,9,3,166.35,18.0,0.0
2026-03-08,9,4,32.1,7.0,0.0
2026-03-08,9,5,73.04,3.0,70.0
2026-03-08,10,1,38.55,10.0,0.0
2026-03-08,10,2,166.55,7.0,140.0
2026-03-08,10,3,154.84,14.0,0.0
2026-03-08,10,4,43.19,8.0,0.0
2026-03-08,10,5,28.44,2.0,0.0
2026-03-08,11,1,64.75,17.0,0.0
2026-03-08,11,2,171.45,3.0,140.0
2026-03-08,11,3,162.45,16.0,0.0
2026-03-08,11,4,130.35,7.0,112.0
2026-03-08,11,5,70.79,7.0,70.0
2026-03-08,12,1,222.46,8.0,0.0
2026-03-08,12,2,44.57,15.0,0.0
2026-03-08,12,3,88.83,30.0,0.0
2026-03-08,12,4,133.03,5.0,112.0
2026-03-08,12,5,77.54,6.0,70.0
2026-03-08,13,1,229.99,17.0,210.0
2026-03-08,13,2,37.74,18.0,0.0
2026-03-08,13,3,95.08,17.0,0.0
2026-03-08,13,4,33.34,6.0,0.0
2026-03-08,13,5,87.55,5.0,70.0
2026-03-08,14,1,68.18,14.0,0.0
2026-03-08,14,2,40.33,11.0,0.0
2026-03-08,14,3,361.34,18.0,350.0
2026-03-08,14,4,114.61,8.0,0.0
2026-03-08,14,5,27.67,8.0,0.0
2026-03-08,15,1,106.4,9.0,0.0
2026-03-08,15,2,61.98,8.0,0.0
2026-03-08,15,3,55.53,22.0,0.0
2026-03-08,15,4,64.27,7.0,0.0
2026-03-08,15,5,42.26,1.0,0.0
2026-03-08,16,1,88.27,10.0,0.0
2026-03-08,16,2,42.46,7.0,0.0
2026-03-08,16,3,36.64,27.0,0.0
2026-03-08,16,4,115.4,6.0,0.0
2026-03-08,16,5,29.59,3.0,0.0
2026-03-09,2,1,358.89,54.0,0.0
2026-03-09,2,2,299.0,37.0,0.0
2026-03-09,2,3,657.25,79.0,0.0
2026-03-09,2,4,231.0,16.0,0.0
2026-03-09,2,5,186.0,14.0,0.0
2026-03-09,3,1,444.9,37.0,0.0
2026-03-09,3,2,295.0,38.0,0.0
2026-03-09,3,3,728.55,82.0,0.0
2026-03-09,3,4,210.0,26.0,0.0
2026-03-09,3,5,188.0,12.0,0.0
2026-03-09,4,1,486.5,36.0,0.0
2026-03-09,4,2,297.0,32.0,0.0
2026-03-09,4,3,658.46,67.0,0.0
2026-03-09,4,4,242.22,27.0,0.0
2026-03-09,4,5,175.0,22.0,0.0
2026-03-09,5,1,216.99,19.0,210.0
2026-03-09,5,2,125.52,14.0,0.0
2026-03-09,5,3,102.71,27.0,0.0
2026-03-09,5,4,36.23,7.0,0.0
2026-03-09,5,5,22.68,4.0,0.0
2026-03-09,6,1,46.98,20.0,0.0
2026-03-09,6,2,172.12,2.0,140.0
2026-03-09,6,3,87.53,26.0,0.0
2026-03-09,6,4,120.83,10.0,112.0
2026-03-09,6,5,65.01,8.0,0.0
2026-03-09,7,1,54.18,12.0,0.0
2026-03-09,7,2,37.98,9.0,0.0
2026-03-09,7,3,107.92,21.0,0.0
2026-03-09,7,4,37.84,8.0,0.0
2026-03-09,7,5,24.22,8.0,0.0
2026-03-09,8,1,58.13,9.0,0.0
2026-03-09,8,2,44.14,6.0,0.0
2026-03-09,8,3,45.19,24.0,0.0
2026-03-09,8,4,98.73,6.0,0.0
2026-03-09,8,5,81.29,3.0,0.0
2026-03-09,9,1,217.53,15.0,210.0
2026-03-09,9,2,36.6,5.0,0.0
2026-03-09,9,3,139.35,27.0,0.0
2026-03-09,9,4,24.1,8.0,0.0
2026-03-09,9,5,66.04,7.0,0.0
2026-03-09,10,1,238.55,10.0,210.0
2026-03-09,10,2,154.55,12.0,0.0
2026-03-09,10,3,135.84,19.0,0.0
2026-03-09,10,4,39.19,4.0,0.0
2026-03-09,10,5,26.44,2.0,0.0
2026-03-09,11,1,48.75,16.0,0.0
2026-03-09,11,2,160.45,11.0,0.0
2026-03-09,11,3,134.45,28.0,0.0
2026-03-09,11,4,123.35,7.0,0.0
2026-03-09,11,5,68.79,2.0,0.0
2026-03-09,12,1,203.46,19.0,0.0
2026-03-09,12,2,36.57,8.0,0.0
2026-03-09,12,3,66.83,22.0,0.0
2026-03-09,12,4,124.03,9.0,0.0
2026-03-09,12,5,71.54,6.0,0.0
2026-03-09,13,1,214.99,15.0,0.0
2026-03-09,13,2,29.74,8.0,0.0
2026-03-09,13,3,75.08,20.0,0.0
2026-03-09,13,4,22.34,11.0,0.0
2026-03-09,13,5,84.55,3.0,0.0
2026-03-09,14,1,53.18,15.0,0.0
2026-03-09,14,2,169.33,11.0,140.0
2026-03-09,14,3,331.34,30.0,0.0
2026-03-09,14,4,105.61,9.0,0.0
2026-03-09,14,5,23.67,4.0,0.0
2026-03-09,15,1,88.4,18.0,0.0
2026-03-09,15,2,53.98,8.0,0.0
2026-03-09,15,3,19.53,36.0,0.0
2026-03-09,15,4,57.27,7.0,0.0
2026-03-09,15,5,37.26,5.0,0.0
2026-03-09,16,1,76.27,12.0,0.0
2026-03-09,16,2,171.46,11.0,140.0
2026-03-09,16,3,366.64,20.0,350.0
2026-03-09,16,4,103.4,12.0,0.0
2026-03-09,16,5,24.59,5.0,0.0
2026-03-10,2,1,318.89,40.0,0.0
2026-03-10,2,2,270.0,29.0,0.0
2026-03-10,2,3,570.25,87.0,0.0
2026-03-10,2,4,208.0,23.0,0.0
2026-03-10,2,5,175.0,11.0,0.0
2026-03-10,3,1,400.9,44.0,0.0
2026-03-10,3,2,256.0,39.0,0.0
2026-03-10,3,3,650.55,78.0,0.0
2026-03-10,3,4,190.0,20.0,0.0
2026-03-10,3,5,179.0,9.0,0.0
2026-03-10,4,1,435.5,51.0,0.0
2026-03-10,4,2,270.0,27.0,0.0
2026-03-10,4,3,584.46,74.0,0.0
2026-03-10,4,4,210.22,32.0,0.0
2026-03-10,4,5,154.0,21.0,0.0
2026-03-10,5,1,191.99,25.0,0.0
2026-03-10,5,2,122.52,3.0,0.0
2026-03-10,5,3,79.71,23.0,0.0
2026-03-10,5,4,25.23,11.0,0.0
2026-03-10,5,5,17.68,5.0,0.0
2026-03-10,6,1,29.98,17.0,0.0
2026-03-10,6,2,164.12,8.0,0.0
2026-03-10,6,3,65.53,22.0,0.0
2026-03-10,6,4,113.83,7.0,0.0
2026-03-10,6,5,63.01,2.0,0.0
2026-03-10,7,1,34.18,20.0,0.0
2026-03-10,7,2,164.98,13.0,140.0
2026-03-10,7,3,85.92,22.0,0.0
2026-03-10,7,4,29.84,8.0,0.0
2026-03-10,7,5,91.22,3.0,70.0
2026-03-10,8,1,45.13,13.0,0.0
2026-03-10,8,2,166.14,18.0,140.0
2026-03-10,8,3,367.19,28.0,350.0
2026-03-10,8,4,91.73,7.0,0.0
2026-03-10,8,5,76.29,5.0,0.0
2026-03-10,9,1,205.53,12.0,0.0
2026-03-10,9,2,170.6,6.0,140.0
2026-03-10,9,3,108.35,31.0,0.0
2026-03-10,9,4,130.1,6.0,112.0
2026-03-10,9,5,62.04,4.0,0.0
2026-03-10,10,1,224.55,14.0,0.0
2026-03-10,10,2,150.55,4.0,0.0
2026-03-10,10,3,118.84,17.0,0.0
2026-03-10,10,4,33.19,6.0,0.0
2026-03-10,10,5,90.44,6.0,70.0
2026-03-10,11,1,29.75,19.0,0.0
2026-03-10,11,2,153.45,7.0,0.0
2026-03-10,11,3,109.45,25.0,0.0
2026-03-10,11,4,119.35,4.0,0.0
2026-03-10,11,5,61.79,7.0,0.0
2026-03-10,12,1,194.46,9.0,0.0
2026-03-10,12,2,28.57,8.0,0.0
2026-03-10,12,3,34.83,32.0,0.0
2026-03-10,12,4,118.03,6.0,0.0
2026-03-10,12,5,68.54,3.0,0.0
2026-03-10,13,1,197.99,17.0,0.0
2026-03-10,13,2,159.74,10.0,140.0
2026-03-10,13,3,54.08,21.0,0.0
2026-03-10,13,4,122.34,12.0,112.0
2026-03-10,13,5,82.55,2.0,0.0
2026-03-10,14,1,44.18,9.0,0.0
2026-03-10,14,2,158.33,11.0,0.0
2026-03-10,14,3,307.34,24.0,0.0
2026-03-10,14,4,95.61,10.0,0.0
2026-03-10,14,5,18.67,5.0,0.0
2026-03-10,15,1,81.4,7.0,0.0
2026-03-10,15,2,42.98,11.0,0.0
2026-03-10,15,3,335.53,34.0,350.0
2026-03-10,15,4,51.27,6.0,0.0
2026-03-10,15,5,36.26,1.0,0.0
2026-03-10,16,1,62.27,14.0,0.0
2026-03-10,16,2,158.46,13.0,0.0
2026-03-10,16,3,335.64,31.0,0.0
2026-03-10,16,4,97.4,6.0,0.0
2026-03-10,16,5,18.59,6.0,0.0
2026-03-11,2,1,266.89,52.0,0.0
2026-03-11,2,2,248.0,22.0,0.0
2026-03-11,2,3,491.25,79.0,0.0
2026-03-11,2,4,183.0,25.0,0.0
2026-03-11,2,5,161.0,14.0,0.0
2026-03-11,3,1,364.9,36.0,0.0
2026-03-11,3,2,229.0,27.0,0.0
2026-03-11,3,3,579.55,71.0,0.0
2026-03-11,3,4,166.0,24.0,0.0
2026-03-11,3,5,162.0,17.0,0.0
2026-03-11,4,1,393.5,42.0,0.0
2026-03-11,4,2,238.0,32.0,0.0
2026-03-11,4,3,513.46,71.0,0.0
2026-03-11,4,4,184.22,26.0,0.0
2026-03-11,4,5,140.0,14.0,0.0
2026-03-11,5,1,181.99,10.0,0.0
2026-03-11,5,2,113.52,9.0,0.0
2026-03-11,5,3,46.71,33.0,0.0
2026-03-11,5,4,14.23,11.0,0.0
2026-03-11,5,5,82.68,5.0,70.0
2026-03-11,6,1,230.98,9.0,210.0
2026-03-11,6,2,153.12,11.0,0.0
2026-03-11,6,3,34.53,31.0,0.0
2026-03-11,6,4,104.83,9.0,0.0
2026-03-11,6,5,61.01,2.0,0.0
2026-03-11,7,1,228.18,16.0,210.0
2026-03-11,7,2,150.98,14.0,0.0
2026-03-11,7,3,58.92,27.0,0.0
2026-03-11,7,4,19.84,10.0,0.0
2026-03-11,7,5,88.22,3.0,0.0
2026-03-11,8,1,239.13,16.0,210.0
2026-03-11,8,2,159.14,7.0,0.0
2026-03-11,8,3,344.19,23.0,0.0
2026-03-11,8,4,84.73,7.0,0.0
2026-03-11,8,5,71.29,5.0,0.0
2026-03-11,9,1,186.53,19.0,0.0
2026-03-11,9,2,157.6,13.0,0.0
2026-03-11,9,3,86.35,22.0,0.0
2026-03-11,9,4,117.1,13.0,0.0
2026-03-11,9,5,53.04,9.0,0.0
2026-03-11,10,1,209.55,15.0,0.0
2026-03-11,10,2,139.55,11.0,0.0
2026-03-11,10,3,88.84,30.0,0.0
2026-03-11,10,4,28.19,5.0,0.0
2026-03-11,10,5,77.44,13.0,0.0
2026-03-11,11,1,228.75,11.0,210.0
2026-03-11,11,2,140.45,13.0,0.0
2026-03-11,11,3,78.45,31.0,0.0
2026-03-11,11,4,112.35,7.0,0.0
2026-03-11,11,5,59.79,2.0,0.0
2026-03-11,12,1,177.46,17.0,0.0
2026-03-11,12,2,161.57,7.0,140.0
2026-03-11,12,3,365.83,19.0,350.0
2026-03-11,12,4,107.03,11.0,0.0
2026-03-11,12,5,61.54,7.0,0.0
2026-03-11,13,1,180.99,17.0,0.0
2026-03-11,13,2,144.74,15.0,0.0
2026-03-11,13,3,23.08,31.0,0.0
2026-03-11,13,4,113.34,9.0,0.0
2026-03-11,13,5,74.55,8.0,0.0
2026-03-11,14,1,29.18,15.0,0.0
2026-03-11,14,2,150.33,8.0,0.0
2026-03-11,14,3,285.34,22.0,0.0
2026-03-11,14,4,87.61,8.0,0.0
2026-03-11,14,5,85.67,3.0,70.0
2026-03-11,15,1,71.4,10.0,0.0
2026-03-11,15,2,175.98,7.0,140.0
2026-03-11,15,3,308.53,27.0,0.0
2026-03-11,15,4,41.27,10.0,0.0
2026-03-11,15,5,29.26,7.0,0.0
2026-03-11,16,1,37.27,25.0,0.0
2026-03-11,16,2,149.46,9.0,0.0
2026-03-11,16,3,315.64,20.0,0.0
2026-03-11,16,4,92.4,5.0,0.0
2026-03-11,16,5,83.59,5.0,70.0
2026-03-12,2,1,227.89,39.0,0.0
2026-03-12,2,2,223.0,25.0,0.0
2026-03-12,2,3,431.25,60.0,0.0
2026-03-12,2,4,160.0,23.0,0.0
2026-03-12,2,5,154.0,7.0,0.0
2026-03-12,3,1,315.9,49.0,0.0
2026-03-12,3,2,200.0,29.0,0.0
2026-03-12,3,3,515.55,64.0,0.0
2026-03-12,3,4,141.0,25.0,0.0
2026-03-12,3,5,146.0,16.0,0.0
2026-03-12,4,1,351.5,42.0,0.0
2026-03-12,4,2,201.0,37.0,0.0
2026-03-12,4,3,436.46,77.0,0.0
2026-03-12,4,4,166.22,18.0,0.0
2026-03-12,4,5,125.0,15.0,0.0
2026-03-12,5,1,172.99,9.0,0.0
2026-03-12,5,2,96.52,17.0,0.0
2026-03-12,5,3,23.71,23.0,0.0
2026-03-12,5,4,120.23,6.0,112.0
2026-03-12,5,5,79.68,3.0,0.0
2026-03-12,6,1,214.98,16.0,0.0
2026-03-12,6,2,149.12,4.0,0.0
2026-03-12,6,3,362.53,22.0,350.0
2026-03-12,6,4,83.83,21.0,0.0
2026-03-12,6,5,52.01,9.0,0.0
2026-03-12,7,1,217.18,11.0,0.0
2026-03-12,7,2,136.98,14.0,0.0
2026-03-12,7,3,41.92,17.0,0.0
2026-03-12,7,4,125.84,6.0,112.0
2026-03-12,7,5,82.22,6.0,0.0
2026-03-12,8,1,230.13,9.0,0.0
2026-03-12,8,2,155.14,4.0,0.0
2026-03-12,8,3,319.19,25.0,0.0
2026-03-12,8,4,72.73,12.0,0.0
2026-03-12,8,5,64.29,7.0,0.0
2026-03-12,9,1,169.53,17.0,0.0
2026-03-12,9,2,149.6,8.0,0.0
2026-03-12,9,3,67.35,19.0,0.0
2026-03-12,9,4,111.1,6.0,0.0
2026-03-12,9,5,51.04,2.0,0.0
2026-03-12,10,1,199.55,10.0,0.0
2026-03-12,10,2,126.55,13.0,0.0
2026-03-12,10,3,69.84,19.0,0.0
2026-03-12,10,4,131.19,9.0,112.0
2026-03-12,10,5,74.44,3.0,0.0
2026-03-12,11,1,215.75,13.0,0.0
2026-03-12,11,2,129.45,11.0,0.0
2026-03-12,11,3,51.45,27.0,0.0
2026-03-12,11,4,105.35,7.0,0.0
2026-03-12,11,5,51.79,8.0,0.0
2026-03-12,12,1,163.46,14.0,0.0
2026-03-12,12,2,152.57,9.0,0.0
2026-03-12,12,3,339.83,26.0,0.0
2026-03-12,12,4,102.03,5.0,0.0
2026-03-12,12,5,55.54,6.0,0.0
2026-03-12,13,1,165.99,15.0,0.0
2026-03-12,13,2,137.74,7.0,0.0
2026-03-12,13,3,349.08,24.0,350.0
2026-03-12,13,4,105.34,8.0,0.0
2026-03-12,13,5,67.55,7.0,0.0
2026-03-12,14,1,217.18,22.0,210.0
2026-03-12,14,2,142.33,8.0,0.0
2026-03-12,14,3,267.34,18.0,0.0
2026-03-12,14,4,74.61,13.0,0.0
2026-03-12,14,5,79.67,6.0,0.0
2026-03-12,15,1,51.4,20.0,0.0
2026-03-12,15,2,160.98,15.0,0.0
2026-03-12,15,3,282.53,26.0,0.0
2026-03-12,15,4,34.27,7.0,0.0
2026-03-12,15,5,95.26,4.0,70.0
2026-03-12,16,1,29.27,8.0,0.0
2026-03-12,16,2,142.46,7.0,0.0
2026-03-12,16,3,295.64,20.0,0.0
2026-03-12,16,4,84.4,8.0,0.0
2026-03-12,16,5,77.59,6.0,0.0
2026-03-13,2,1,178.89,49.0,0.0
2026-03-13,2,2,196.0,27.0,0.0
2026-03-13,2,3,356.25,75.0,0.0
2026-03-13,2,4,137.0,23.0,0.0
2026-03-13,2,5,130.0,24.0,0.0
2026-03-13,3,1,270.9,45.0,0.0
2026-03-13,3,2,180.0,20.0,0.0
2026-03-13,3,3,459.55,56.0,0.0
2026-03-13,3,4,117.0,24.0,0.0
2026-03-13,3,5,137.0,9.0,0.0
2026-03-13,4,1,304.5,47.0,0.0
2026-03-13,4,2,173.0,28.0,0.0
2026-03-13,4,3,369.46,67.0,0.0
2026-03-13,4,4,150.22,16.0,0.0
2026-03-13,4,5,113.0,12.0,0.0
2026-03-13,5,1,163.99,9.0,0.0
2026-03-13,5,2,88.52,8.0,0.0
2026-03-13,5,3,345.71,28.0,350.0
2026-03-13,5,4,114.23,6.0,0.0
2026-03-13,5,5,75.68,4.0,0.0
2026-03-13,6,1,198.98,16.0,0.0
2026-03-13,6,2,142.12,7.0,0.0
2026-03-13,6,3,345.53,17.0,0.0
2026-03-13,6,4,72.83,11.0,0.0
2026-03-13,6,5,48.01,4.0,0.0
2026-03-13,7,1,197.18,20.0,0.0
2026-03-13,7,2,123.98,13.0,0.0
2026-03-13,7,3,362.92,29.0,350.0
2026-03-13,7,4,115.84,10.0,0.0
2026-03-13,7,5,73.22,9.0,0.0
2026-03-13,8,1,220.13,10.0,0.0
2026-03-13,8,2,147.14,8.0,0.0
2026-03-13,8,3,286.19,33.0,0.0
2026-03-13,8,4,67.73,5.0,0.0
2026-03-13,8,5,59.29,5.0,0.0
2026-03-13,9,1,151.53,18.0,0.0
2026-03-13,9,2,139.6,10.0,0.0
2026-03-13,9,3,51.35,16.0,0.0
2026-03-13,9,4,104.1,7.0,0.0
2026-03-13,9,5,44.04,7.0,0.0
2026-03-13,10,1,181.55,18.0,0.0
2026-03-13,10,2,111.55,15.0,0.0
2026-03-13,10,3,47.84,22.0,0.0
2026-03-13,10,4,118.19,13.0,0.0
2026-03-13,10,5,65.44,9.0,0.0
2026-03-13,11,1,200.75,15.0,0.0
2026-03-13,11,2,120.45,9.0,0.0
2026-03-13,11,3,26.45,25.0,0.0
2026-03-13,11,4,99.35,6.0,0.0
2026-03-13,11,5,49.79,2.0,0.0
2026-03-13,12,1,142.46,21.0,0.0
2026-03-13,12,2,143.57,9.0,0.0
2026-03-13,12,3,314.83,25.0,0.0
2026-03-13,12,4,96.03,6.0,0.0
2026-03-13,12,5,43.54,12.0,0.0
2026-03-13,13,1,148.99,17.0,0.0
2026-03-13,13,2,122.74,15.0,0.0
2026-03-13,13,3,332.08,17.0,0.0
2026-03-13,13,4,99.34,6.0,0.0
2026-03-13,13,5,63.55,4.0,0.0
2026-03-13,14,1,206.18,11.0,0.0
2026-03-13,14,2,137.33,5.0,0.0
2026-03-13,14,3,238.34,29.0,0.0
2026-03-13,14,4,69.61,5.0,0.0
2026-03-13,14,5,76.67,3.0,0.0
2026-03-13,15,1,34.4,17.0,0.0
2026-03-13,15,2,153.98,7.0,0.0
2026-03-13,15,3,260.53,22.0,0.0
2026-03-13,15,4,27.27,7.0,0.0
2026-03-13,15,5,92.26,3.0,0.0
2026-03-13,16,1,225.27,14.0,210.0
2026-03-13,16,2,132.46,10.0,0.0
2026-03-13,16,3,266.64,29.0,0.0
2026-03-13,16,4,78.4,6.0,0.0
2026-03-13,16,5,73.59,4.0,0.0
2026-03-14,2,1,132.89,46.0,0.0
2026-03-14,2,2,158.0,38.0,0.0
2026-03-14,2,3,298.25,58.0,0.0
2026-03-14,2,4,114.0,23.0,0.0
2026-03-14,2,5,118.0,12.0,0.0
2026-03-14,3,1,226.9,44.0,0.0
2026-03-14,3,2,159.0,21.0,0.0
2026-03-14,3,3,398.55,61.0,0.0
2026-03-14,3,4,100.0,17.0,0.0
2026-03-14,3,5,123.0,14.0,0.0
2026-03-14,4,1,257.5,47.0,0.0
2026-03-14,4,2,139.0,34.0,0.0
2026-03-14,4,3,319.46,50.0,0.0
2026-03-14,4,4,138.22,12.0,0.0
2026-03-14,4,5,97.0,16.0,0.0
2026-03-14,5,1,151.99,12.0,0.0
2026-03-14,5,2,81.52,7.0,0.0
2026-03-14,5,3,323.71,22.0,0.0
2026-03-14,5,4,108.23,6.0,0.0
2026-03-14,5,5,67.68,8.0,0.0
2026-03-14,6,1,189.98,9.0,0.0
2026-03-14,6,2,135.12,7.0,0.0
2026-03-14,6,3,318.53,27.0,0.0
2026-03-14,6,4,71.83,1.0,0.0
2026-03-14,6,5,45.01,3.0,0.0
2026-03-14,7,1,184.18,13.0,0.0
2026-03-14,7,2,114.98,9.0,0.0
2026-03-14,7,3,334.92,28.0,0.0
2026-03-14,7,4,106.84,9.0,0.0
2026-03-14,7,5,69.22,4.0,0.0
2026-03-14,8,1,212.13,8.0,0.0
2026-03-14,8,2,141.14,6.0,0.0
2026-03-14,8,3,265.19,21.0,0.0
2026-03-14,8,4,59.73,8.0,0.0
2026-03-14,8,5,54.29,5.0,0.0
2026-03-14,9,1,135.53,16.0,0.0
2026-03-14,9,2,129.6,10.0,0.0
2026-03-14,9,3,382.35,19.0,350.0
2026-03-14,9,4,99.1,5.0,0.0
2026-03-14,9,5,44.04,0.0,0.0
2026-03-14,10,1,168.55,13.0,0.0
2026-03-14,10,2,105.55,6.0,0.0
2026-03-14,10,3,380.84,17.0,350.0
2026-03-14,10,4,109.19,9.0,0.0
2026-03-14,10,5,64.44,1.0,0.0
2026-03-14,11,1,193.75,7.0,0.0
2026-03-14,11,2,111.45,9.0,0.0
2026-03-14,11,3,360.45,16.0,350.0
2026-03-14,11,4,93.35,6.0,0.0
2026-03-14,11,5,45.79,4.0,0.0
2026-03-14,12,1,124.46,18.0,0.0
2026-03-14,12,2,133.57,10.0,0.0
2026-03-14,12,3,296.83,18.0,0.0
2026-03-14,12,4,90.03,6.0,0.0
2026-03-14,12,5,37.54,6.0,0.0
2026-03-14,13,1,136.99,12.0,0.0
2026-03-14,13,2,114.74,8.0,0.0
2026-03-14,13,3,305.08,27.0,0.0
2026-03-14,13,4,94.34,5.0,0.0
2026-03-14,13,5,58.55,5.0,0.0
2026-03-14,14,1,191.18,15.0,0.0
2026-03-14,14,2,127.33,10.0,0.0
2026-03-14,14,3,219.34,19.0,0.0
2026-03-14,14,4,63.61,6.0,0.0
2026-03-14,14,5,73.67,3.0,0.0
2026-03-14,15,1,24.4,10.0,0.0
2026-03-14,15,2,145.98,8.0,0.0
2026-03-14,15,3,237.53,23.0,0.0
2026-03-14,15,4,22.27,5.0,0.0
2026-03-14,15,5,88.26,4.0,0.0
2026-03-14,16,1,212.27,13.0,0.0
2026-03-14,16,2,116.46,16.0,0.0
2026-03-14,16,3,250.64,16.0,0.0
2026-03-14,16,4,69.4,9.0,0.0
2026-03-14,16,5,67.59,6.0,0.0
2026-03-15,2,1,102.89,30.0,0.0
2026-03-15,2,2,133.0,25.0,0.0
2026-03-15,2,3,231.25,67.0,0.0
2026-03-15,2,4,100.0,14.0,0.0
2026-03-15,2,5,101.0,17.0,0.0
2026-03-15,3,1,194.9,32.0,0.0
2026-03-15,3,2,137.0,22.0,0.0
2026-03-15,3,3,338.55,60.0,0.0
2026-03-15,3,4,78.0,22.0,0.0
2026-03-15,3,5,112.0,11.0,0.0
2026-03-15,4,1,225.5,32.0,0.0
2026-03-15,4,2,119.0,20.0,0.0
2026-03-15,4,3,256.46,63.0,0.0
2026-03-15,4,4,110.22,28.0,0.0
2026-03-15,4,5,86.0,11.0,0.0
2026-03-15,5,1,143.99,8.0,0.0
2026-03-15,5,2,72.52,9.0,0.0
2026-03-15,5,3,301.71,22.0,0.0
2026-03-15,5,4,102.23,6.0,0.0
2026-03-15,5,5,64.68,3.0,0.0
2026-03-15,6,1,181.98,8.0,0.0
2026-03-15,6,2,123.12,12.0,0.0
2026-03-15,6,3,294.53,24.0,0.0
2026-03-15,6,4,61.83,10.0,0.0
2026-03-15,6,5,43.01,2.0,0.0
2026-03-15,7,1,175.18,9.0,0.0
2026-03-15,7,2,105.98,9.0,0.0
2026-03-15,7,3,314.92,20.0,0.0
2026-03-15,7,4,101.84,5.0,0.0
2026-03-15,7,5,64.22,5.0,0.0
2026-03-15,8,1,194.13,18.0,0.0
2026-03-15,8,2,136.14,5.0,0.0
2026-03-15,8,3,240.19,25.0,0.0
2026-03-15,8,4,56.73,3.0,0.0
2026-03-15,8,5,51.29,3.0,0.0
2026-03-15,9,1,124.53,11.0,0.0
2026-03-15,9,2,118.6,11.0,0.0
2026-03-15,9,3,359.35,23.0,0.0
2026-03-15,9,4,95.1,4.0,0.0
2026-03-15,9,5,43.04,1.0,0.0
2026-03-15,10,1,162.55,6.0,0.0
2026-03-15,10,2,94.55,11.0,0.0
2026-03-15,10,3,356.84,24.0,0.0
2026-03-15,10,4,105.19,4.0,0.0
2026-03-15,10,5,59.44,5.0,0.0
2026-03-15,11,1,177.75,16.0,0.0
2026-03-15,11,2,102.45,9.0,0.0
2026-03-15,11,3,343.45,17.0,0.0
2026-03-15,11,4,85.35,8.0,0.0
2026-03-15,11,5,38.79,7.0,0.0
2026-03-15,12,1,107.46,17.0,0.0
2026-03-15,12,2,130.57,3.0,0.0
2026-03-15,12,3,276.83,20.0,0.0
2026-03-15,12,4,85.03,5.0,0.0
2026-03-15,12,5,33.54,4.0,0.0
2026-03-15,13,1,124.99,12.0,0.0
2026-03-15,13,2,107.74,7.0,0.0
2026-03-15,13,3,287.08,18.0,0.0
2026-03-15,13,4,86.34,8.0,0.0
2026-03-15,13,5,54.55,4.0,0.0
2026-03-15,14,1,177.18,14.0,0.0
2026-03-15,14,2,118.33,9.0,0.0
2026-03-15,14,3,195.34,24.0,0.0
2026-03-15,14,4,54.61,9.0,0.0
2026-03-15,14,5,69.67,4.0,0.0
2026-03-15,15,1,222.4,12.0,210.0
2026-03-15,15,2,133.98,12.0,0.0
2026-03-15,15,3,220.53,17.0,0.0
2026-03-15,15,4,126.27,8.0,112.0
2026-03-15,15,5,84.26,4.0,0.0
2026-03-15,16,1,199.27,13.0,0.0
2026-03-15,16,2,105.46,11.0,0.0
2026-03-15,16,3,231.64,19.0,0.0
2026-03-15,16,4,65.4,4.0,0.0
2026-03-15,16,5,67.59,0.0,0.0
2026-03-16,2,1,690.89,42.0,630.0
2026-03-16,2,2,101.0,32.0,0.0
2026-03-16,2,3,161.25,70.0,0.0
2026-03-16,2,4,75.0,25.0,0.0
2026-03-16,2,5,86.0,15.0,0.0
2026-03-16,3,1,138.9,56.0,0.0
2026-03-16,3,2,110.0,27.0,0.0
2026-03-16,3,3,268.55,70.0,0.0
2026-03-16,3,4,388.0,26.0,336.0
2026-03-16,3,5,90.0,22.0,0.0
2026-03-16,4,1,176.5,49.0,0.0
2026-03-16,4,2,88.0,31.0,0.0
2026-03-16,4,3,191.46,65.0,0.0
2026-03-16,4,4,88.22,22.0,0.0
2026-03-16,4,5,75.0,11.0,0.0
2026-03-16,5,1,125.99,18.0,0.0
2026-03-16,5,2,59.52,13.0,0.0
2026-03-16,5,3,273.71,28.0,0.0
2026-03-16,5,4,95.23,7.0,0.0
2026-03-16,5,5,55.68,9.0,0.0
2026-03-16,6,1,165.98,16.0,0.0
2026-03-16,6,2,112.12,11.0,0.0
2026-03-16,6,3,262.53,32.0,0.0
2026-03-16,6,4,53.83,8.0,0.0
2026-03-16,6,5,37.01,6.0,0.0
2026-03-16,7,1,156.18,19.0,0.0
2026-03-16,7,2,95.98,10.0,0.0
2026-03-16,7,3,288.92,26.0,0.0
2026-03-16,7,4,94.84,7.0,0.0
2026-03-16,7,5,60.22,4.0,0.0
2026-03-16,8,1,183.13,11.0,0.0
2026-03-16,8,2,130.14,6.0,0.0
2026-03-16,8,3,212.19,28.0,0.0
2026-03-16,8,4,47.73,9.0,0.0
2026-03-16,8,5,41.29,10.0,0.0
2026-03-16,9,1,105.53,19.0,0.0
2026-03-16,9,2,112.6,6.0,0.0
2026-03-16,9,3,334.35,25.0,0.0
2026-03-16,9,4,87.1,8.0,0.0
2026-03-16,9,5,37.04,6.0,0.0
2026-03-16,10,1,148.55,14.0,0.0
2026-03-16,10,2,86.55,8.0,0.0
2026-03-16,10,3,336.84,20.0,0.0
2026-03-16,10,4,101.19,4.0,0.0
2026-03-16,10,5,49.44,10.0,0.0
2026-03-16,11,1,160.75,17.0,0.0
2026-03-16,11,2,92.45,10.0,0.0
2026-03-16,11,3,328.45,15.0,0.0
2026-03-16,11,4,75.35,10.0,0.0
2026-03-16,11,5,32.79,6.0,0.0
2026-03-16,12,1,96.46,11.0,0.0
2026-03-16,12,2,123.57,7.0,0.0
2026-03-16,12,3,251.83,25.0,0.0
2026-03-16,12,4,81.03,4.0,0.0
2026-03-16,12,5,29.54,4.0,0.0
2026-03-16,13,1,108.99,16.0,0.0
2026-03-16,13,2,101.74,6.0,0.0
2026-03-16,13,3,263.08,24.0,0.0
2026-03-16,13,4,80.34,6.0,0.0
2026-03-16,13,5,53.55,1.0,0.0
2026-03-16,14,1,155.18,22.0,0.0
2026-03-16,14,2,114.33,4.0,0.0
2026-03-16,14,3,162.34,33.0,0.0
2026-03-16,14,4,50.61,4.0,0.0
2026-03-16,14,5,67.67,2.0,0.0
2026-03-16,15,1,213.4,9.0,0.0
2026-03-16,15,2,124.98,9.0,0.0
2026-03-16,15,3,199.53,21.0,0.0
2026-03-16,15,4,118.27,8.0,0.0
2026-03-16,15,5,81.26,3.0,0.0
2026-03-16,16,1,185.27,14.0,0.0
2026-03-16,16,2,95.46,10.0,0.0
2026-03-16,16,3,206.64,25.0,0.0
2026-03-16,16,4,55.4,10.0,0.0
2026-03-16,16,5,64.59,3.0,0.0
2026-03-17,2,1,645.89,45.0,0.0
2026-03-17,2,2,484.0,37.0,420.0
2026-03-17,2,3,75.25,86.0,0.0
2026-03-17,2,4,383.0,28.0,336.0
2026-03-17,2,5,68.0,18.0,0.0
2026-03-17,3,1,95.9,43.0,0.0
2026-03-17,3,2,508.0,22.0,420.0
2026-03-17,3,3,192.55,76.0,0.0
2026-03-17,3,4,362.0,26.0,0.0
2026-03-17,3,5,76.0,14.0,0.0
2026-03-17,4,1,128.5,48.0,0.0
2026-03-17,4,2,483.0,25.0,420.0
2026-03-17,4,3,130.46,61.0,0.0
2026-03-17,4,4,62.22,26.0,0.0
2026-03-17,4,5,272.0,13.0,210.0
2026-03-17,5,1,113.99,12.0,0.0
2026-03-17,5,2,51.52,8.0,0.0
2026-03-17,5,3,252.71,21.0,0.0
2026-03-17,5,4,88.23,7.0,0.0
2026-03-17,5,5,52.68,3.0,0.0
2026-03-17,6,1,155.98,10.0,0.0
2026-03-17,6,2,97.12,15.0,0.0
2026-03-17,6,3,239.53,23.0,0.0
2026-03-17,6,4,44.83,9.0,0.0
2026-03-17,6,5,34.01,3.0,0.0
2026-03-17,7,1,148.18,8.0,0.0
2026-03-17,7,2,83.98,12.0,0.0
2026-03-17,7,3,259.92,29.0,0.0
2026-03-17,7,4,85.84,9.0,0.0
2026-03-17,7,5,51.22,9.0,0.0
2026-03-17,8,1,167.13,16.0,0.0
2026-03-17,8,2,118.14,12.0,0.0
2026-03-17,8,3,184.19,28.0,0.0
2026-03-17,8,4,40.73,7.0,0.0
2026-03-17,8,5,34.29,7.0,0.0
2026-03-17,9,1,91.53,14.0,0.0
2026-03-17,9,2,104.6,8.0,0.0
2026-03-17,9,3,314.35,20.0,0.0
2026-03-17,9,4,80.1,7.0,0.0
2026-03-17,9,5,32.04,5.0,0.0
2026-03-17,10,1,123.55,25.0,0.0
2026-03-17,10,2,78.55,8.0,0.0
2026-03-17,10,3,311.84,25.0,0.0
2026-03-17,10,4,93.19,8.0,0.0
2026-03-17,10,5,44.44,5.0,0.0
2026-03-17,11,1,137.75,23.0,0.0
2026-03-17,11,2,86.45,6.0,0.0
2026-03-17,11,3,298.45,30.0,0.0
2026-03-17,11,4,69.35,6.0,0.0
2026-03-17,11,5,27.79,5.0,0.0
2026-03-17,12,1,79.46,17.0,0.0
2026-03-17,12,2,119.57,4.0,0.0
2026-03-17,12,3,233.83,18.0,0.0
2026-03-17,12,4,75.03,6.0,0.0
2026-03-17,12,5,25.54,4.0,0.0
2026-03-17,13,1,98.99,10.0,0.0
2026-03-17,13,2,92.74,9.0,0.0
2026-03-17,13,3,240.08,23.0,0.0
2026-03-17,13,4,70.34,10.0,0.0
2026-03-17,13,5,50.55,3.0,0.0
2026-03-17,14,1,144.18,11.0,0.0
2026-03-17,14,2,100.33,14.0,0.0
2026-03-17,14,3,143.34,19.0,0.0
2026-03-17,14,4,42.61,8.0,0.0
2026-03-17,14,5,63.67,4.0,0.0
2026-03-17,15,1,199.4,14.0,0.0
2026-03-17,15,2,116.98,8.0,0.0
2026-03-17,15,3,177.53,22.0,0.0
2026-03-17,15,4,107.27,11.0,0.0
2026-03-17,15,5,72.26,9.0,0.0
2026-03-17,16,1,173.27,12.0,0.0
2026-03-17,16,2,87.46,8.0,0.0
2026-03-17,16,3,179.64,27.0,0.0
2026-03-17,16,4,48.4,7.0,0.0
2026-03-17,16,5,60.59,4.0,0.0
2026-03-18,2,1,591.89,54.0,0.0
2026-03-18,2,2,447.0,37.0,0.0
2026-03-18,2,3,1045.25,80.0,1050.0
2026-03-18,2,4,355.0,28.0,0.0
2026-03-18,2,5,54.0,14.0,0.0
2026-03-18,3,1,676.9,49.0,630.0
2026-03-18,3,2,466.0,42.0,0.0
2026-03-18,3,3,122.55,70.0,0.0
2026-03-18,3,4,336.0,26.0,0.0
2026-03-18,3,5,57.0,19.0,0.0
2026-03-18,4,1,85.5,43.0,0.0
2026-03-18,4,2,453.0,30.0,0.0
2026-03-18,4,3,1121.46,59.0,1050.0
2026-03-18,4,4,366.22,32.0,336.0
2026-03-18,4,5,256.0,16.0,0.0
2026-03-18,5,1,97.99,16.0,0.0
2026-03-18,5,2,39.52,12.0,0.0
2026-03-18,5,3,224.71,28.0,0.0
2026-03-18,5,4,80.23,8.0,0.0
2026-03-18,5,5,50.68,2.0,0.0
2026-03-18,6,1,139.98,16.0,0.0
2026-03-18,6,2,84.12,13.0,0.0
2026-03-18,6,3,217.53,22.0,0.0
2026-03-18,6,4,39.83,5.0,0.0
2026-03-18,6,5,30.01,4.0,0.0
2026-03-18,7,1,129.18,19.0,0.0
2026-03-18,7,2,72.98,11.0,0.0
2026-03-18,7,3,233.92,26.0,0.0
2026-03-18,7,4,76.84,9.0,0.0
2026-03-18,7,5,48.22,3.0,0.0
2026-03-18,8,1,152.13,15.0,0.0
2026-03-18,8,2,111.14,7.0,0.0
2026-03-18,8,3,157.19,27.0,0.0
2026-03-18,8,4,28.73,12.0,0.0
2026-03-18,8,5,32.29,2.0,0.0
2026-03-18,9,1,83.53,8.0,0.0
2026-03-18,9,2,94.6,10.0,0.0
2026-03-18,9,3,289.35,25.0,0.0
2026-03-18,9,4,73.1,7.0,0.0
2026-03-18,9,5,26.04,6.0,0.0
2026-03-18,10,1,107.55,16.0,0.0
2026-03-18,10,2,66.55,12.0,0.0
2026-03-18,10,3,291.84,20.0,0.0
2026-03-18,10,4,88.19,5.0,0.0
2026-03-18,10,5,35.44,9.0,0.0
2026-03-18,11,1,116.75,21.0,0.0
2026-03-18,11,2,69.45,17.0,0.0
2026-03-18,11,3,271.45,27.0,0.0
2026-03-18,11,4,58.35,11.0,0.0
2026-03-18,11,5,22.79,5.0,0.0
2026-03-18,12,1,64.46,15.0,0.0
2026-03-18,12,2,116.57,3.0,0.0
2026-03-18,12,3,200.83,33.0,0.0
2026-03-18,12,4,64.03,11.0,0.0
2026-03-18,12,5,21.54,4.0,0.0
2026-03-18,13,1,83.99,15.0,0.0
2026-03-18,13,2,85.74,7.0,0.0
2026-03-18,13,3,210.08,30.0,0.0
2026-03-18,13,4,60.34,10.0,0.0
2026-03-18,13,5,43.55,7.0,0.0
2026-03-18,14,1,126.18,18.0,0.0
2026-03-18,14,2,88.33,12.0,0.0
2026-03-18,14,3,113.34,30.0,0.0
2026-03-18,14,4,34.61,8.0,0.0
2026-03-18,14,5,57.67,6.0,0.0
2026-03-18,15,1,182.4,17.0,0.0
2026-03-18,15,2,106.98,10.0,0.0
2026-03-18,15,3,157.53,20.0,0.0
2026-03-18,15,4,97.27,10.0,0.0
2026-03-18,15,5,71.26,1.0,0.0
2026-03-18,16,1,157.27,16.0,0.0
2026-03-18,16,2,77.46,10.0,0.0
2026-03-18,16,3,153.64,26.0,0.0
2026-03-18,16,4,39.4,9.0,0.0
2026-03-18,16,5,58.59,2.0,0.0
2026-03-19,2,1,547.89,44.0,0.0
2026-03-19,2,2,423.0,24.0,0.0
2026-03-19,2,3,976.25,69.0,0.0
2026-03-19,2,4,335.0,20.0,0.0
2026-03-19,2,5,239.0,25.0,210.0
2026-03-19,3,1,648.9,28.0,0.0
2026-03-19,3,2,442.0,24.0,0.0
2026-03-19,3,3,1095.55,77.0,1050.0
2026-03-19,3,4,306.0,30.0,0.0
2026-03-19,3,5,249.0,18.0,210.0
2026-03-19,4,1,662.5,53.0,630.0
2026-03-19,4,2,418.0,35.0,0.0
2026-03-19,4,3,1034.46,87.0,0.0
2026-03-19,4,4,340.22,26.0,0.0
2026-03-19,4,5,247.0,9.0,0.0
2026-03-19,5,1,85.99,12.0,0.0
2026-03-19,5,2,28.52,11.0,0.0
2026-03-19,5,3,202.71,22.0,0.0
2026-03-19,5,4,76.23,4.0,0.0
2026-03-19,5,5,45.68,5.0,0.0
2026-03-19,6,1,126.98,13.0,0.0
2026-03-19,6,2,76.12,8.0,0.0
2026-03-19,6,3,196.53,21.0,0.0
2026-03-19,6,4,32.83,7.0,0.0
2026-03-19,6,5,96.01,4.0,70.0
2026-03-19,7,1,115.18,14.0,0.0
2026-03-19,7,2,69.98,3.0,0.0
2026-03-19,7,3,206.92,27.0,0.0
2026-03-19,7,4,73.84,3.0,0.0
2026-03-19,7,5,44.22,4.0,0.0
2026-03-19,8,1,134.13,18.0,0.0
2026-03-19,8,2,100.14,11.0,0.0
2026-03-19,8,3,134.19,23.0,0.0
2026-03-19,8,4,17.73,11.0,0.0
2026-03-19,8,5,29.29,3.0,0.0
2026-03-19,9,1,60.53,23.0,0.0
2026-03-19,9,2,83.6,11.0,0.0
2026-03-19,9,3,263.35,26.0,0.0
2026-03-19,9,4,67.1,6.0,0.0
2026-03-19,9,5,89.04,7.0,70.0
2026-03-19,10,1,91.55,16.0,0.0
2026-03-19,10,2,62.55,4.0,0.0
2026-03-19,10,3,261.84,30.0,0.0
2026-03-19,10,4,78.19,10.0,0.0
2026-03-19,10,5,32.44,3.0,0.0
2026-03-19,11,1,95.75,21.0,0.0
2026-03-19,11,2,62.45,7.0,0.0
2026-03-19,11,3,247.45,24.0,0.0
2026-03-19,11,4,49.35,9.0,0.0
2026-03-19,11,5,90.79,2.0,70.0
2026-03-19,12,1,59.46,5.0,0.0
2026-03-19,12,2,105.57,11.0,0.0
2026-03-19,12,3,168.83,32.0,0.0
2026-03-19,12,4,57.03,7.0,0.0
2026-03-19,12,5,19.54,2.0,0.0
2026-03-19,13,1,64.99,19.0,0.0
2026-03-19,13,2,74.74,11.0,0.0
2026-03-19,13,3,194.08,16.0,0.0
2026-03-19,13,4,57.34,3.0,0.0
2026-03-19,13,5,39.55,4.0,0.0
2026-03-19,14,1,108.18,18.0,0.0
2026-03-19,14,2,79.33,9.0,0.0
2026-03-19,14,3,88.34,25.0,0.0
2026-03-19,14,4,25.61,9.0,0.0
2026-03-19,14,5,54.67,3.0,0.0
2026-03-19,15,1,158.4,24.0,0.0
2026-03-19,15,2,93.98,13.0,0.0
2026-03-19,15,3,134.53,23.0,0.0
2026-03-19,15,4,93.27,4.0,0.0
2026-03-19,15,5,66.26,5.0,0.0
2026-03-19,16,1,144.27,13.0,0.0
2026-03-19,16,2,60.46,17.0,0.0
2026-03-19,16,3,133.64,20.0,0.0
2026-03-19,16,4,32.4,7.0,0.0
2026-03-19,16,5,51.59,7.0,0.0
2026-03-20,2,1,503.89,44.0,0.0
2026-03-20,2,2,390.0,33.0,0.0
2026-03-20,2,3,905.25,71.0,0.0
2026-03-20,2,4,304.0,31.0,0.0
2026-03-20,2,5,223.0,16.0,0.0
2026-03-20,3,1,606.9,42.0,0.0
2026-03-20,3,2,414.0,28.0,0.0
2026-03-20,3,3,1015.55,80.0,0.0
2026-03-20,3,4,284.0,22.0,0.0
2026-03-20,3,5,230.0,19.0,0.0
2026-03-20,4,1,624.5,38.0,0.0
2026-03-20,4,2,384.0,34.0,0.0
2026-03-20,4,3,956.46,78.0,0.0
2026-03-20,4,4,310.22,30.0,0.0
2026-03-20,4,5,236.0,11.0,0.0
2026-03-20,5,1,79.99,6.0,0.0
2026-03-20,5,2,155.52,13.0,140.0
2026-03-20,5,3,177.71,25.0,0.0
2026-03-20,5,4,70.23,6.0,0.0
2026-03-20,5,5,41.68,4.0,0.0
2026-03-20,6,1,114.98,12.0,0.0
2026-03-20,6,2,66.12,10.0,0.0
2026-03-20,6,3,176.53,20.0,0.0
2026-03-20,6,4,26.83,6.0,0.0
2026-03-20,6,5,90.01,6.0,0.0
2026-03-20,7,1,102.18,13.0,0.0
2026-03-20,7,2,60.98,9.0,0.0
2026-03-20,7,3,175.92,31.0,0.0
2026-03-20,7,4,68.84,5.0,0.0
2026-03-20,7,5,37.22,7.0,0.0
2026-03-20,8,1,117.13,17.0,0.0
2026-03-20,8,2,90.14,10.0,0.0
2026-03-20,8,3,102.19,32.0,0.0
2026-03-20,8,4,123.73,6.0,112.0
2026-03-20,8,5,27.29,2.0,0.0
2026-03-20,9,1,44.53,16.0,0.0
2026-03-20,9,2,76.6,7.0,0.0
2026-03-20,9,3,234.35,29.0,0.0
2026-03-20,9,4,56.1,11.0,0.0
2026-03-20,9,5,81.04,8.0,0.0
2026-03-20,10,1,76.55,15.0,0.0
2026-03-20,10,2,57.55,5.0,0.0
2026-03-20,10,3,230.84,31.0,0.0
2026-03-20,10,4,67.19,11.0,0.0
2026-03-20,10,5,28.44,4.0,0.0
2026-03-20,11,1,75.75,20.0,0.0
2026-03-20,11,2,53.45,9.0,0.0
2026-03-20,11,3,223.45,24.0,0.0
2026-03-20,11,4,38.35,11.0,0.0
2026-03-20,11,5,80.79,10.0,0.0
2026-03-20,12,1,44.46,15.0,0.0
2026-03-20,12,2,89.57,16.0,0.0
2026-03-20,12,3,143.83,25.0,0.0
2026-03-20,12,4,47.03,10.0,0.0
2026-03-20,12,5,83.54,6.0,70.0
2026-03-20,13,1,50.99,14.0,0.0
2026-03-20,13,2,60.74,14.0,0.0
2026-03-20,13,3,165.08,29.0,0.0
2026-03-20,13,4,50.34,7.0,0.0
2026-03-20,13,5,34.55,5.0,0.0
2026-03-20,14,1,89.18,19.0,0.0
2026-03-20,14,2,72.33,7.0,0.0
2026-03-20,14,3,63.34,25.0,0.0
2026-03-20,14,4,19.61,6.0,0.0
2026-03-20,14,5,49.67,5.0,0.0
2026-03-20,15,1,138.4,20.0,0.0
2026-03-20,15,2,85.98,8.0,0.0
2026-03-20,15,3,106.53,28.0,0.0
2026-03-20,15,4,91.27,2.0,0.0
2026-03-20,15,5,62.26,4.0,0.0
2026-03-20,16,1,128.27,16.0,0.0
2026-03-20,16,2,50.46,10.0,0.0
2026-03-20,16,3,102.64,31.0,0.0
2026-03-20,16,4,21.4,11.0,0.0
2026-03-20,16,5,43.59,8.0,0.0
2026-03-21,2,1,460.89,43.0,0.0
2026-03-21,2,2,368.0,22.0,0.0
2026-03-21,2,3,832.25,73.0,0.0
2026-03-21,2,4,278.0,26.0,0.0
2026-03-21,2,5,210.0,13.0,0.0
2026-03-21,3,1,569.9,37.0,0.0
2026-03-21,3,2,391.0,23.0,0.0
2026-03-21,3,3,952.55,63.0,0.0
2026-03-21,3,4,257.0,27.0,0.0
2026-03-21,3,5,216.0,14.0,0.0
2026-03-21,4,1,583.5,41.0,0.0
2026-03-21,4,2,364.0,20.0,0.0
2026-03-21,4,3,893.46,63.0,0.0
2026-03-21,4,4,292.22,18.0,0.0
2026-03-21,4,5,223.0,13.0,0.0
2026-03-21,5,1,71.99,8.0,0.0
2026-03-21,5,2,146.52,9.0,0.0
2026-03-21,5,3,160.71,17.0,0.0
2026-03-21,5,4,66.23,4.0,0.0
2026-03-21,5,5,38.68,3.0,0.0
2026-03-21,6,1,102.98,12.0,0.0
2026-03-21,6,2,56.12,10.0,0.0
2026-03-21,6,3,154.53,22.0,0.0
2026-03-21,6,4,133.83,5.0,112.0
2026-03-21,6,5,86.01,4.0,0.0
2026-03-21,7,1,90.18,12.0,0.0
2026-03-21,7,2,46.98,14.0,0.0
2026-03-21,7,3,152.92,23.0,0.0
2026-03-21,7,4,65.84,3.0,0.0
2026-03-21,7,5,29.22,8.0,0.0
2026-03-21,8,1,107.13,10.0,0.0
2026-03-21,8,2,87.14,3.0,0.0
2026-03-21,8,3,84.19,18.0,0.0
2026-03-21,8,4,118.73,5.0,0.0
2026-03-21,8,5,24.29,3.0,0.0
2026-03-21,9,1,32.53,12.0,0.0
2026-03-21,9,2,72.6,4.0,0.0
2026-03-21,9,3,214.35,20.0,0.0
2026-03-21,9,4,48.1,8.0,0.0
2026-03-21,9,5,77.04,4.0,0.0
2026-03-21,10,1,65.55,11.0,0.0
2026-03-21,10,2,51.55,6.0,0.0
2026-03-21,10,3,201.84,29.0,0.0
2026-03-21,10,4,55.19,12.0,0.0
2026-03-21,10,5,23.44,5.0,0.0
2026-03-21,11,1,58.75,17.0,0.0
2026-03-21,11,2,46.45,7.0,0.0
2026-03-21,11,3,202.45,21.0,0.0
2026-03-21,11,4,28.35,10.0,0.0
2026-03-21,11,5,75.79,5.0,0.0
2026-03-21,12,1,239.46,15.0,210.0
2026-03-21,12,2,80.57,9.0,0.0
2026-03-21,12,3,127.83,16.0,0.0
2026-03-21,12,4,36.03,11.0,0.0
2026-03-21,12,5,81.54,2.0,0.0
2026-03-21,13,1,40.99,10.0,0.0
2026-03-21,13,2,52.74,8.0,0.0
2026-03-21,13,3,139.08,26.0,0.0
2026-03-21,13,4,47.34,3.0,0.0
2026-03-21,13,5,33.55,1.0,0.0
2026-03-21,14,1,75.18,14.0,0.0
2026-03-21,14,2,65.33,7.0,0.0
2026-03-21,14,3,43.34,20.0,0.0
2026-03-21,14,4,123.61,8.0,112.0
2026-03-21,14,5,43.67,6.0,0.0
2026-03-21,15,1,126.4,12.0,0.0
2026-03-21,15,2,76.98,9.0,0.0
2026-03-21,15,3,87.53,19.0,0.0
2026-03-21,15,4,83.27,8.0,0.0
2026-03-21,15,5,54.26,8.0,0.0
2026-03-21,16,1,119.27,9.0,0.0
2026-03-21,16,2,44.46,6.0,0.0
2026-03-21,16,3,72.64,30.0,0.0
2026-03-21,16,4,18.4,3.0,0.0
2026-03-21,16,5,36.59,7.0,0.0
2026-03-22,2,1,429.89,31.0,0.0
2026-03-22,2,2,335.0,33.0,0.0
2026-03-22,2,3,772.25,60.0,0.0
2026-03-22,2,4,265.0,13.0,0.0
2026-03-22,2,5,198.0,12.0,0.0
2026-03-22,3,1,533.9,36.0,0.0
2026-03-22,3,2,367.0,24.0,0.0
2026-03-22,3,3,892.55,60.0,0.0
2026-03-22,3,4,239.0,18.0,0.0
2026-03-22,3,5,208.0,8.0,0.0
2026-03-22,4,1,535.5,48.0,0.0
2026-03-22,4,2,341.0,23.0,0.0
2026-03-22,4,3,833.46,60.0,0.0
2026-03-22,4,4,271.22,21.0,0.0
2026-03-22,4,5,210.0,13.0,0.0
2026-03-22,5,1,60.99,11.0,0.0
2026-03-22,5,2,141.52,5.0,0.0
2026-03-22,5,3,137.71,23.0,0.0
2026-03-22,5,4,57.23,9.0,0.0
2026-03-22,5,5,36.68,2.0,0.0
2026-03-22,6,1,83.98,19.0,0.0
2026-03-22,6,2,38.12,18.0,0.0
2026-03-22,6,3,131.53,23.0,0.0
2026-03-22,6,4,126.83,7.0,0.0
2026-03-22,6,5,79.01,7.0,0.0
2026-03-22,7,1,77.18,13.0,0.0
2026-03-22,7,2,32.98,14.0,0.0
2026-03-22,7,3,128.92,24.0,0.0
2026-03-22,7,4,58.84,7.0,0.0
2026-03-22,7,5,26.22,3.0,0.0
2026-03-22,8,1,93.13,14.0,0.0
2026-03-22,8,2,80.14,7.0,0.0
2026-03-22,8,3,59.19,25.0,0.0
2026-03-22,8,4,110.73,8.0,0.0
2026-03-22,8,5,93.29,1.0,70.0
2026-03-22,9,1,229.53,13.0,210.0
2026-03-22,9,2,59.6,13.0,0.0
2026-03-22,9,3,192.35,22.0,0.0
2026-03-22,9,4,45.1,3.0,0.0
2026-03-22,9,5,75.04,2.0,0.0
2026-03-22,10,1,54.55,11.0,0.0
2026-03-22,10,2,45.55,6.0,0.0
2026-03-22,10,3,184.84,17.0,0.0
2026-03-22,10,4,51.19,4.0,0.0
2026-03-22,10,5,19.44,4.0,0.0
2026-03-22,11,1,36.75,22.0,0.0
2026-03-22,11,2,38.45,8.0,0.0
2026-03-22,11,3,175.45,27.0,0.0
2026-03-22,11,4,25.35,3.0,0.0
2026-03-22,11,5,73.79,2.0,0.0
2026-03-22,12,1,223.46,16.0,0.0
2026-03-22,12,2,69.57,11.0,0.0
2026-03-22,12,3,110.83,17.0,0.0
2026-03-22,12,4,27.03,9.0,0.0
2026-03-22,12,5,78.54,3.0,0.0
2026-03-22,13,1,240.99,10.0,210.0
2026-03-22,13,2,47.74,5.0,0.0
2026-03-22,13,3,117.08,22.0,0.0
2026-03-22,13,4,39.34,8.0,0.0
2026-03-22,13,5,26.55,7.0,0.0
2026-03-22,14,1,63.18,12.0,0.0
2026-03-22,14,2,58.33,7.0,0.0
2026-03-22,14,3,373.34,20.0,350.0
2026-03-22,14,4,111.61,12.0,0.0
2026-03-22,14,5,38.67,5.0,0.0
2026-03-22,15,1,114.4,12.0,0.0
2026-03-22,15,2,68.98,8.0,0.0
2026-03-22,15,3,62.53,25.0,0.0
2026-03-22,15,4,81.27,2.0,0.0
2026-03-22,15,5,48.26,6.0,0.0
2026-03-22,16,1,113.27,6.0,0.0
2026-03-22,16,2,34.46,10.0,0.0
2026-03-22,16,3,44.64,28.0,0.0
2026-03-22,16,4,127.4,3.0,112.0
2026-03-22,16,5,32.59,4.0,0.0
2026-03-23,2,1,391.89,38.0,0.0
2026-03-23,2,2,305.0,30.0,0.0
2026-03-23,2,3,693.25,79.0,0.0
2026-03-23,2,4,236.0,29.0,0.0
2026-03-23,2,5,181.0,17.0,0.0
2026-03-23,3,1,493.9,40.0,0.0
2026-03-23,3,2,342.0,25.0,0.0
2026-03-23,3,3,816.55,76.0,0.0
2026-03-23,3,4,213.0,26.0,0.0
2026-03-23,3,5,195.0,13.0,0.0
2026-03-23,4,1,497.5,38.0,0.0
2026-03-23,4,2,309.0,32.0,0.0
2026-03-23,4,3,762.46,71.0,0.0
2026-03-23,4,4,247.22,24.0,0.0
2026-03-23,4,5,194.0,16.0,0.0
2026-03-23,5,1,43.99,17.0,0.0
2026-03-23,5,2,127.52,14.0,0.0
2026-03-23,5,3,107.71,30.0,0.0
2026-03-23,5,4,48.23,9.0,0.0
2026-03-23,5,5,32.68,4.0,0.0
2026-03-23,6,1,76.98,7.0,0.0
2026-03-23,6,2,29.12,9.0,0.0
2026-03-23,6,3,98.53,33.0,0.0
2026-03-23,6,4,117.83,9.0,0.0
2026-03-23,6,5,74.01,5.0,0.0
2026-03-23,7,1,66.18,11.0,0.0
2026-03-23,7,2,164.98,8.0,140.0
2026-03-23,7,3,109.92,19.0,0.0
2026-03-23,7,4,47.84,11.0,0.0
2026-03-23,7,5,22.22,4.0,0.0
2026-03-23,8,1,79.13,14.0,0.0
2026-03-23,8,2,72.14,8.0,0.0
2026-03-23,8,3,35.19,24.0,0.0
2026-03-23,8,4,105.73,5.0,0.0
2026-03-23,8,5,87.29,6.0,0.0
2026-03-23,9,1,212.53,17.0,0.0
2026-03-23,9,2,44.6,15.0,0.0
2026-03-23,9,3,167.35,25.0,0.0
2026-03-23,9,4,37.1,8.0,0.0
2026-03-23,9,5,73.04,2.0,0.0
2026-03-23,10,1,38.55,16.0,0.0
2026-03-23,10,2,176.55,9.0,140.0
2026-03-23,10,3,165.84,19.0,0.0
2026-03-23,10,4,40.19,11.0,0.0
2026-03-23,10,5,84.44,5.0,70.0
2026-03-23,11,1,12.75,24.0,0.0
2026-03-23,11,2,170.45,8.0,140.0
2026-03-23,11,3,152.45,23.0,0.0
2026-03-23,11,4,20.35,5.0,0.0
2026-03-23,11,5,71.79,2.0,0.0
2026-03-23,12,1,212.46,11.0,0.0
2026-03-23,12,2,60.57,9.0,0.0
2026-03-23,12,3,85.83,25.0,0.0
2026-03-23,12,4,20.03,7.0,0.0
2026-03-23,12,5,72.54,6.0,0.0
2026-03-23,13,1,220.99,20.0,0.0
2026-03-23,13,2,42.74,5.0,0.0
2026-03-23,13,3,97.08,20.0,0.0
2026-03-23,13,4,29.34,10.0,0.0
2026-03-23,13,5,25.55,1.0,0.0
2026-03-23,14,1,54.18,9.0,0.0
2026-03-23,14,2,46.33,12.0,0.0
2026-03-23,14,3,346.34,27.0,0.0
2026-03-23,14,4,101.61,10.0,0.0
2026-03-23,14,5,34.67,4.0,0.0
2026-03-23,15,1,90.4,24.0,0.0
2026-03-23,15,2,61.98,7.0,0.0
2026-03-23,15,3,33.53,29.0,0.0
2026-03-23,15,4,73.27,8.0,0.0
2026-03-23,15,5,40.26,8.0,0.0
2026-03-23,16,1,103.27,10.0,0.0
2026-03-23,16,2,21.46,13.0,0.0
2026-03-23,16,3,372.64,22.0,350.0
2026-03-23,16,4,121.4,6.0,0.0
2026-03-23,16,5,25.59,7.0,0.0
2026-03-24,2,1,342.89,49.0,0.0
2026-03-24,2,2,275.0,30.0,0.0
2026-03-24,2,3,614.25,79.0,0.0
2026-03-24,2,4,214.0,22.0,0.0
2026-03-24,2,5,170.0,11.0,0.0
2026-03-24,3,1,454.9,39.0,0.0
2026-03-24,3,2,307.0,35.0,0.0
2026-03-24,3,3,750.55,66.0,0.0
2026-03-24,3,4,197.0,16.0,0.0
2026-03-24,3,5,189.0,6.0,0.0
2026-03-24,4,1,435.5,62.0,0.0
2026-03-24,4,2,273.0,36.0,0.0
2026-03-24,4,3,693.46,69.0,0.0
2026-03-24,4,4,225.22,22.0,0.0
2026-03-24,4,5,181.0,13.0,0.0
2026-03-24,5,1,36.99,7.0,0.0
2026-03-24,5,2,115.52,12.0,0.0
2026-03-24,5,3,87.71,20.0,0.0
2026-03-24,5,4,39.23,9.0,0.0
2026-03-24,5,5,25.68,7.0,0.0
2026-03-24,6,1,63.98,13.0,0.0
2026-03-24,6,2,20.12,9.0,0.0
2026-03-24,6,3,67.53,31.0,0.0
2026-03-24,6,4,104.83,13.0,0.0
2026-03-24,6,5,64.01,10.0,0.0
2026-03-24,7,1,53.18,13.0,0.0
2026-03-24,7,2,152.98,12.0,0.0
2026-03-24,7,3,86.92,23.0,0.0
2026-03-24,7,4,39.84,8.0,0.0
2026-03-24,7,5,89.22,3.0,70.0
2026-03-24,8,1,60.13,19.0,0.0
2026-03-24,8,2,61.14,11.0,0.0
2026-03-24,8,3,349.19,36.0,350.0
2026-03-24,8,4,98.73,7.0,0.0
2026-03-24,8,5,81.29,6.0,0.0
2026-03-24,9,1,201.53,11.0,0.0
2026-03-24,9,2,38.6,6.0,0.0
2026-03-24,9,3,148.35,19.0,0.0
2026-03-24,9,4,24.1,13.0,0.0
2026-03-24,9,5,69.04,4.0,0.0
2026-03-24,10,1,229.55,19.0,210.0
2026-03-24,10,2,164.55,12.0,0.0
2026-03-24,10,3,142.84,23.0,0.0
2026-03-24,10,4,33.19,7.0,0.0
2026-03-24,10,5,78.44,6.0,0.0
2026-03-24,11,1,211.75,11.0,210.0
2026-03-24,11,2,161.45,9.0,0.0
2026-03-24,11,3,128.45,24.0,0.0
2026-03-24,11,4,125.35,7.0,112.0
2026-03-24,11,5,68.79,3.0,0.0
2026-03-24,12,1,192.46,20.0,0.0
2026-03-24,12,2,55.57,5.0,0.0
2026-03-24,12,3,59.83,26.0,0.0
2026-03-24,12,4,124.03,8.0,112.0
2026-03-24,12,5,63.54,9.0,0.0
2026-03-24,13,1,200.99,20.0,0.0
2026-03-24,13,2,167.74,15.0,140.0
2026-03-24,13,3,71.08,26.0,0.0
2026-03-24,13,4,25.34,4.0,0.0
2026-03-24,13,5,90.55,5.0,70.0
2026-03-24,14,1,37.18,17.0,0.0
2026-03-24,14,2,39.33,7.0,0.0
2026-03-24,14,3,326.34,20.0,0.0
2026-03-24,14,4,90.61,11.0,0.0
2026-03-24,14,5,28.67,6.0,0.0
2026-03-24,15,1,78.4,12.0,0.0
2026-03-24,15,2,48.98,13.0,0.0
2026-03-24,15,3,358.53,25.0,350.0
2026-03-24,15,4,66.27,7.0,0.0
2026-03-24,15,5,33.26,7.0,0.0
2026-03-24,16,1,87.27,16.0,0.0
2026-03-24,16,2,154.46,7.0,140.0
2026-03-24,16,3,353.64,19.0,0.0
2026-03-24,16,4,113.4,8.0,0.0
2026-03-24,16,5,21.59,4.0,0.0
2026-03-25,2,1,295.89,47.0,0.0
2026-03-25,2,2,249.0,26.0,0.0
2026-03-25,2,3,545.25,69.0,0.0
2026-03-25,2,4,187.0,27.0,0.0
2026-03-25,2,5,151.0,19.0,0.0
2026-03-25,3,1,409.9,45.0,0.0
2026-03-25,3,2,272.0,35.0,0.0
2026-03-25,3,3,682.55,68.0,0.0
2026-03-25,3,4,169.0,28.0,0.0
2026-03-25,3,5,184.0,5.0,0.0
2026-03-25,4,1,390.5,45.0,0.0
2026-03-25,4,2,244.0,29.0,0.0
2026-03-25,4,3,627.46,66.0,0.0
2026-03-25,4,4,198.22,27.0,0.0
2026-03-25,4,5,175.0,6.0,0.0
2026-03-25,5,1,238.99,8.0,210.0
2026-03-25,5,2,109.52,6.0,0.0
2026-03-25,5,3,51.71,36.0,0.0
2026-03-25,5,4,35.23,4.0,0.0
2026-03-25,5,5,89.68,6.0,70.0
2026-03-25,6,1,53.98,10.0,0.0
2026-03-25,6,2,149.12,11.0,140.0
2026-03-25,6,3,45.53,22.0,0.0
2026-03-25,6,4,92.83,12.0,0.0
2026-03-25,6,5,57.01,7.0,0.0
2026-03-25,7,1,34.18,19.0,0.0
2026-03-25,7,2,138.98,14.0,0.0
2026-03-25,7,3,66.92,20.0,0.0
2026-03-25,7,4,35.84,4.0,0.0
2026-03-25,7,5,85.22,4.0,0.0
2026-03-25,8,1,49.13,11.0,0.0
2026-03-25,8,2,55.14,6.0,0.0
2026-03-25,8,3,321.19,28.0,0.0
2026-03-25,8,4,89.73,9.0,0.0
2026-03-25,8,5,77.29,4.0,0.0
2026-03-25,9,1,178.53,23.0,0.0
2026-03-25,9,2,31.6,7.0,0.0
2026-03-25,9,3,120.35,28.0,0.0
2026-03-25,9,4,18.1,6.0,0.0
2026-03-25,9,5,67.04,2.0,0.0
2026-03-25,10,1,215.55,14.0,0.0
2026-03-25,10,2,150.55,14.0,0.0
2026-03-25,10,3,107.84,35.0,0.0
2026-03-25,10,4,28.19,5.0,0.0
2026-03-25,10,5,74.44,4.0,0.0
2026-03-25,11,1,193.75,18.0,0.0
2026-03-25,11,2,151.45,10.0,0.0
2026-03-25,11,3,97.45,31.0,0.0
2026-03-25,11,4,120.35,5.0,0.0
2026-03-25,11,5,63.79,5.0,0.0
2026-03-25,12,1,169.46,23.0,0.0
2026-03-25,12,2,48.57,7.0,0.0
2026-03-25,12,3,36.83,23.0,0.0
2026-03-25,12,4,118.03,6.0,0.0
2026-03-25,12,5,58.54,5.0,0.0
2026-03-25,13,1,186.99,14.0,0.0
2026-03-25,13,2,160.74,7.0,0.0
2026-03-25,13,3,43.08,28.0,0.0
2026-03-25,13,4,123.34,14.0,112.0
2026-03-25,13,5,88.55,2.0,0.0
2026-03-25,14,1,232.18,15.0,210.0
2026-03-25,14,2,169.33,10.0,140.0
2026-03-25,14,3,299.34,27.0,0.0
2026-03-25,14,4,83.61,7.0,0.0
2026-03-25,14,5,25.67,3.0,0.0
2026-03-25,15,1,58.4,20.0,0.0
2026-03-25,15,2,38.98,10.0,0.0
2026-03-25,15,3,324.53,34.0,0.0
2026-03-25,15,4,59.27,7.0,0.0
2026-03-25,15,5,28.26,5.0,0.0
2026-03-25,16,1,64.27,23.0,0.0
2026-03-25,16,2,146.46,8.0,0.0
2026-03-25,16,3,325.64,28.0,0.0
2026-03-25,16,4,100.4,13.0,0.0
2026-03-25,16,5,17.59,4.0,0.0
2026-03-26,2,1,255.89,40.0,0.0
2026-03-26,2,2,223.0,26.0,0.0
2026-03-26,2,3,467.25,78.0,0.0
2026-03-26,2,4,167.0,20.0,0.0
2026-03-26,2,5,132.0,19.0,0.0
2026-03-26,3,1,364.9,45.0,0.0
2026-03-26,3,2,241.0,31.0,0.0
2026-03-26,3,3,596.55,86.0,0.0
2026-03-26,3,4,149.0,20.0,0.0
2026-03-26,3,5,170.0,14.0,0.0
2026-03-26,4,1,351.5,39.0,0.0
2026-03-26,4,2,216.0,28.0,0.0
2026-03-26,4,3,560.46,67.0,0.0
2026-03-26,4,4,173.22,25.0,0.0
2026-03-26,4,5,159.0,16.0,0.0
2026-03-26,5,1,223.99,15.0,0.0
2026-03-26,5,2,102.52,7.0,0.0
2026-03-26,5,3,26.71,25.0,0.0
2026-03-26,5,4,22.23,13.0,0.0
2026-03-26,5,5,87.68,2.0,0.0
2026-03-26,6,1,37.98,16.0,0.0
2026-03-26,6,2,140.12,9.0,0.0
2026-03-26,6,3,373.53,22.0,350.0
2026-03-26,6,4,81.83,11.0,0.0
2026-03-26,6,5,52.01,5.0,0.0
2026-03-26,7,1,227.18,17.0,210.0
2026-03-26,7,2,128.98,10.0,0.0
2026-03-26,7,3,43.92,23.0,0.0
2026-03-26,7,4,28.84,7.0,0.0
2026-03-26,7,5,83.22,2.0,0.0
2026-03-26,8,1,32.13,17.0,0.0
2026-03-26,8,2,42.14,13.0,0.0
2026-03-26,8,3,292.19,29.0,0.0
2026-03-26,8,4,78.73,11.0,0.0
2026-03-26,8,5,70.29,7.0,0.0
2026-03-26,9,1,163.53,15.0,0.0
2026-03-26,9,2,162.6,9.0,140.0
2026-03-26,9,3,103.35,17.0,0.0
2026-03-26,9,4,123.1,7.0,112.0
2026-03-26,9,5,63.04,4.0,0.0
2026-03-26,10,1,202.55,13.0,0.0
2026-03-26,10,2,141.55,9.0,0.0
2026-03-26,10,3,83.84,24.0,0.0
2026-03-26,10,4,21.19,7.0,0.0
2026-03-26,10,5,68.44,6.0,0.0
2026-03-26,11,1,173.75,20.0,0.0
2026-03-26,11,2,139.45,12.0,0.0
2026-03-26,11,3,67.45,30.0,0.0
2026-03-26,11,4,113.35,7.0,0.0
2026-03-26,11,5,58.79,5.0,0.0
2026-03-26,12,1,150.46,19.0,0.0
2026-03-26,12,2,37.57,11.0,0.0
2026-03-26,12,3,356.83,30.0,350.0
2026-03-26,12,4,109.03,9.0,0.0
2026-03-26,12,5,53.54,5.0,0.0
2026-03-26,13,1,172.99,14.0,0.0
2026-03-26,13,2,153.74,7.0,0.0
2026-03-26,13,3,366.08,27.0,350.0
2026-03-26,13,4,115.34,8.0,0.0
2026-03-26,13,5,80.55,8.0,0.0
2026-03-26,14,1,225.18,7.0,0.0
2026-03-26,14,2,159.33,10.0,0.0
2026-03-26,14,3,274.34,25.0,0.0
2026-03-26,14,4,71.61,12.0,0.0
2026-03-26,14,5,20.67,5.0,0.0
2026-03-26,15,1,32.4,26.0,0.0
2026-03-26,15,2,28.98,10.0,0.0
2026-03-26,15,3,298.53,26.0,0.0
2026-03-26,15,4,49.27,10.0,0.0
2026-03-26,15,5,25.26,3.0,0.0
2026-03-26,16,1,50.27,14.0,0.0
2026-03-26,16,2,130.46,16.0,0.0
2026-03-26,16,3,305.64,20.0,0.0
2026-03-26,16,4,84.4,16.0,0.0
2026-03-26,16,5,85.59,2.0,70.0
2026-03-27,2,1,204.89,51.0,0.0
2026-03-27,2,2,197.0,26.0,0.0
2026-03-27,2,3,383.25,84.0,0.0
2026-03-27,2,4,133.0,34.0,0.0
2026-03-27,2,5,118.0,14.0,0.0
2026-03-27,3,1,317.9,47.0,0.0
2026-03-27,3,2,217.0,24.0,0.0
2026-03-27,3,3,520.55,76.0,0.0
2026-03-27,3,4,131.0,18.0,0.0
2026-03-27,3,5,153.0,17.0,0.0
2026-03-27,4,1,305.5,46.0,0.0
2026-03-27,4,2,190.0,26.0,0.0
2026-03-27,4,3,485.46,75.0,0.0
2026-03-27,4,4,151.22,22.0,0.0
2026-03-27,4,5,137.0,22.0,0.0
2026-03-27,5,1,207.99,16.0,0.0
2026-03-27,5,2,91.52,11.0,0.0
2026-03-27,5,3,337.71,39.0,350.0
2026-03-27,5,4,15.23,7.0,0.0
2026-03-27,5,5,83.68,4.0,0.0
2026-03-27,6,1,224.98,23.0,210.0
2026-03-27,6,2,133.12,7.0,0.0
2026-03-27,6,3,348.53,25.0,0.0
2026-03-27,6,4,68.83,13.0,0.0
2026-03-27,6,5,46.01,6.0,0.0
2026-03-27,7,1,210.18,17.0,0.0
2026-03-27,7,2,115.98,13.0,0.0
2026-03-27,7,3,357.92,36.0,350.0
2026-03-27,7,4,136.84,4.0,112.0
2026-03-27,7,5,81.22,2.0,0.0
2026-03-27,8,1,222.13,20.0,210.0
2026-03-27,8,2,36.14,6.0,0.0
2026-03-27,8,3,267.19,25.0,0.0
2026-03-27,8,4,71.73,7.0,0.0
2026-03-27,8,5,67.29,3.0,0.0
2026-03-27,9,1,146.53,17.0,0.0
2026-03-27,9,2,155.6,7.0,0.0
2026-03-27,9,3,82.35,21.0,0.0
2026-03-27,9,4,117.1,6.0,0.0
2026-03-27,9,5,57.04,6.0,0.0
2026-03-27,10,1,189.55,13.0,0.0
2026-03-27,10,2,133.55,8.0,0.0
2026-03-27,10,3,59.84,24.0,0.0
2026-03-27,10,4,129.19,4.0,112.0
2026-03-27,10,5,64.44,4.0,0.0
2026-03-27,11,1,166.75,7.0,0.0
2026-03-27,11,2,131.45,8.0,0.0
2026-03-27,11,3,39.45,28.0,0.0
2026-03-27,11,4,105.35,8.0,0.0
2026-03-27,11,5,51.79,7.0,0.0
2026-03-27,12,1,133.46,17.0,0.0
2026-03-27,12,2,165.57,12.0,140.0
2026-03-27,12,3,324.83,32.0,0.0
2026-03-27,12,4,100.03,9.0,0.0
2026-03-27,12,5,47.54,6.0,0.0
2026-03-27,13,1,157.99,15.0,0.0
2026-03-27,13,2,140.74,13.0,0.0
2026-03-27,13,3,347.08,19.0,0.0
2026-03-27,13,4,110.34,5.0,0.0
2026-03-27,13,5,77.55,3.0,0.0
2026-03-27,14,1,207.18,18.0,0.0
2026-03-27,14,2,152.33,7.0,0.0
2026-03-27,14,3,249.34,25.0,0.0
2026-03-27,14,4,60.61,11.0,0.0
2026-03-27,14,5,84.67,6.0,70.0
2026-03-27,15,1,15.4,17.0,0.0
2026-03-27,15,2,156.98,12.0,140.0
2026-03-27,15,3,270.53,28.0,0.0
2026-03-27,15,4,38.27,11.0,0.0
2026-03-27,15,5,21.26,4.0,0.0
2026-03-27,16,1,38.27,12.0,0.0
2026-03-27,16,2,121.46,9.0,0.0
2026-03-27,16,3,279.64,26.0,0.0
2026-03-27,16,4,74.4,10.0,0.0
2026-03-27,16,5,81.59,4.0,0.0
2026-03-28,2,1,164.89,40.0,0.0
2026-03-28,2,2,174.0,23.0,0.0
2026-03-28,2,3,308.25,75.0,0.0
2026-03-28,2,4,115.0,18.0,0.0
2026-03-28,2,5,105.0,13.0,0.0
2026-03-28,3,1,279.9,38.0,0.0
2026-03-28,3,2,198.0,19.0,0.0
2026-03-28,3,3,465.55,55.0,0.0
2026-03-28,3,4,117.0,14.0,0.0
2026-03-28,3,5,137.0,16.0,0.0
2026-03-28,4,1,257.5,48.0,0.0
2026-03-28,4,2,153.0,37.0,0.0
2026-03-28,4,3,411.46,74.0,0.0
2026-03-28,4,4,132.22,19.0,0.0
2026-03-28,4,5,123.0,14.0,0.0
2026-03-28,5,1,201.99,6.0,0.0
2026-03-28,5,2,85.52,6.0,0.0
2026-03-28,5,3,313.71,24.0,0.0
2026-03-28,5,4,118.23,9.0,112.0
2026-03-28,5,5,81.68,2.0,0.0
2026-03-28,6,1,211.98,13.0,0.0
2026-03-28,6,2,125.12,8.0,0.0
2026-03-28,6,3,327.53,21.0,0.0
2026-03-28,6,4,63.83,5.0,0.0
2026-03-28,6,5,44.01,2.0,0.0
2026-03-28,7,1,201.18,9.0,0.0
2026-03-28,7,2,109.98,6.0,0.0
2026-03-28,7,3,334.92,23.0,0.0
2026-03-28,7,4,130.84,6.0,0.0
2026-03-28,7,5,78.22,3.0,0.0
2026-03-28,8,1,206.13,16.0,0.0
2026-03-28,8,2,166.14,10.0,140.0
2026-03-28,8,3,249.19,18.0,0.0
2026-03-28,8,4,66.73,5.0,0.0
2026-03-28,8,5,61.29,6.0,0.0
2026-03-28,9,1,132.53,14.0,0.0
2026-03-28,9,2,149.6,6.0,0.0
2026-03-28,9,3,52.35,30.0,0.0
2026-03-28,9,4,112.1,5.0,0.0
2026-03-28,9,5,53.04,4.0,0.0
2026-03-28,10,1,177.55,12.0,0.0
2026-03-28,10,2,129.55,4.0,0.0
2026-03-28,10,3,40.84,19.0,0.0
2026-03-28,10,4,121.19,8.0,0.0
2026-03-28,10,5,62.44,2.0,0.0
2026-03-28,11,1,160.75,6.0,0.0
2026-03-28,11,2,119.45,12.0,0.0
2026-03-28,11,3,361.45,28.0,350.0
2026-03-28,11,4,96.35,9.0,0.0
2026-03-28,11,5,49.79,2.0,0.0
2026-03-28,12,1,118.46,15.0,0.0
2026-03-28,12,2,154.57,11.0,0.0
2026-03-28,12,3,298.83,26.0,0.0
2026-03-28,12,4,92.03,8.0,0.0
2026-03-28,12,5,41.54,6.0,0.0
2026-03-28,13,1,144.99,13.0,0.0
2026-03-28,13,2,136.74,4.0,0.0
2026-03-28,13,3,329.08,18.0,0.0
2026-03-28,13,4,100.34,10.0,0.0
2026-03-28,13,5,72.55,5.0,0.0
2026-03-28,14,1,191.18,16.0,0.0
2026-03-28,14,2,142.33,10.0,0.0
2026-03-28,14,3,223.34,26.0,0.0
2026-03-28,14,4,56.61,4.0,0.0
2026-03-28,14,5,83.67,1.0,0.0
2026-03-28,15,1,218.4,7.0,210.0
2026-03-28,15,2,147.98,9.0,0.0
2026-03-28,15,3,250.53,20.0,0.0
2026-03-28,15,4,28.27,10.0,0.0
2026-03-28,15,5,15.26,6.0,0.0
2026-03-28,16,1,235.27,13.0,210.0
2026-03-28,16,2,108.46,13.0,0.0
2026-03-28,16,3,257.64,22.0,0.0
2026-03-28,16,4,67.4,7.0,0.0
2026-03-28,16,5,78.59,3.0,0.0
2026-03-29,2,1,127.89,37.0,0.0
2026-03-29,2,2,156.0,18.0,0.0
2026-03-29,2,3,248.25,60.0,0.0
2026-03-29,2,4,87.0,28.0,0.0
2026-03-29,2,5,98.0,7.0,0.0
2026-03-29,3,1,243.9,36.0,0.0
2026-03-29,3,2,166.0,32.0,0.0
2026-03-29,3,3,399.55,66.0,0.0
2026-03-29,3,4,98.0,19.0,0.0
2026-03-29,3,5,129.0,8.0,0.0
2026-03-29,4,1,223.5,34.0,0.0
2026-03-29,4,2,125.0,28.0,0.0
2026-03-29,4,3,356.46,55.0,0.0
2026-03-29,4,4,112.22,20.0,0.0
2026-03-29,4,5,116.0,7.0,0.0
2026-03-29,5,1,187.99,14.0,0.0
2026-03-29,5,2,77.52,8.0,0.0
2026-03-29,5,3,295.71,18.0,0.0
2026-03-29,5,4,114.23,4.0,0.0
2026-03-29,5,5,74.68,7.0,0.0
2026-03-29,6,1,204.98,7.0,0.0
2026-03-29,6,2,112.12,13.0,0.0
2026-03-29,6,3,307.53,20.0,0.0
2026-03-29,6,4,54.83,9.0,0.0
2026-03-29,6,5,42.01,2.0,0.0
2026-03-29,7,1,190.18,11.0,0.0
2026-03-29,7,2,97.98,12.0,0.0
2026-03-29,7,3,319.92,15.0,0.0
2026-03-29,7,4,120.84,10.0,0.0
2026-03-29,7,5,75.22,3.0,0.0
2026-03-29,8,1,195.13,11.0,0.0
2026-03-29,8,2,157.14,9.0,0.0
2026-03-29,8,3,229.19,20.0,0.0
2026-03-29,8,4,62.73,4.0,0.0
2026-03-29,8,5,56.29,5.0,0.0
2026-03-29,9,1,119.53,13.0,0.0
2026-03-29,9,2,137.6,12.0,0.0
2026-03-29,9,3,27.35,25.0,0.0
2026-03-29,9,4,105.1,7.0,0.0
2026-03-29,9,5,50.04,3.0,0.0
2026-03-29,10,1,166.55,11.0,0.0
2026-03-29,10,2,122.55,7.0,0.0
2026-03-29,10,3,364.84,26.0,350.0
2026-03-29,10,4,114.19,7.0,0.0
2026-03-29,10,5,55.44,7.0,0.0
2026-03-29,11,1,150.75,10.0,0.0
2026-03-29,11,2,106.45,13.0,0.0
2026-03-29,11,3,342.45,19.0,0.0
2026-03-29,11,4,87.35,9.0,0.0
2026-03-29,11,5,41.79,8.0,0.0
2026-03-29,12,1,103.46,15.0,0.0
2026-03-29,12,2,143.57,11.0,0.0
2026-03-29,12,3,276.83,22.0,0.0
2026-03-29,12,4,88.03,4.0,0.0
2026-03-29,12,5,37.54,4.0,0.0
2026-03-29,13,1,132.99,12.0,0.0
2026-03-29,13,2,126.74,10.0,0.0
2026-03-29,13,3,305.08,24.0,0.0
2026-03-29,13,4,92.34,8.0,0.0
2026-03-29,13,5,69.55,3.0,0.0
2026-03-29,14,1,182.18,9.0,0.0
2026-03-29,14,2,135.33,7.0,0.0
2026-03-29,14,3,200.34,23.0,0.0
2026-03-29,14,4,53.61,3.0,0.0
2026-03-29,14,5,79.67,4.0,0.0
2026-03-29,15,1,207.4,11.0,0.0
2026-03-29,15,2,133.98,14.0,0.0
2026-03-29,15,3,234.53,16.0,0.0
2026-03-29,15,4,21.27,7.0,0.0
2026-03-29,15,5,81.26,4.0,70.0
2026-03-29,16,1,221.27,14.0,0.0
2026-03-29,16,2,98.46,10.0,0.0
2026-03-29,16,3,236.64,21.0,0.0
2026-03-29,16,4,59.4,8.0,0.0
2026-03-29,16,5,73.59,5.0,0.0
2026-03-30,2,1,83.89,44.0,0.0
2026-03-30,2,2,124.0,32.0,0.0
2026-03-30,2,3,169.25,79.0,0.0
2026-03-30,2,4,63.0,24.0,0.0
2026-03-30,2,5,76.0,22.0,0.0
2026-03-30,3,1,195.9,48.0,0.0
2026-03-30,3,2,143.0,23.0,0.0
2026-03-30,3,3,328.55,71.0,0.0
2026-03-30,3,4,74.0,24.0,0.0
2026-03-30,3,5,112.0,17.0,0.0
2026-03-30,4,1,192.5,31.0,0.0
2026-03-30,4,2,93.0,32.0,0.0
2026-03-30,4,3,288.46,68.0,0.0
2026-03-30,4,4,97.22,15.0,0.0
2026-03-30,4,5,106.0,10.0,0.0
2026-03-30,5,1,173.99,14.0,0.0
2026-03-30,5,2,71.52,6.0,0.0
2026-03-30,5,3,277.71,18.0,0.0
2026-03-30,5,4,105.23,9.0,0.0
2026-03-30,5,5,68.68,6.0,0.0
2026-03-30,6,1,191.98,13.0,0.0
2026-03-30,6,2,102.12,10.0,0.0
2026-03-30,6,3,287.53,20.0,0.0
2026-03-30,6,4,43.83,11.0,0.0
2026-03-30,6,5,41.01,1.0,0.0
2026-03-30,7,1,182.18,8.0,0.0
2026-03-30,7,2,85.98,12.0,0.0
2026-03-30,7,3,290.92,29.0,0.0
2026-03-30,7,4,110.84,10.0,0.0
2026-03-30,7,5,68.22,7.0,0.0
2026-03-30,8,1,175.13,20.0,0.0
2026-03-30,8,2,148.14,9.0,0.0
2026-03-30,8,3,209.19,20.0,0.0
2026-03-30,8,4,52.73,10.0,0.0
2026-03-30,8,5,47.29,9.0,0.0
2026-03-30,9,1,104.53,15.0,0.0
2026-03-30,9,2,132.6,5.0,0.0
2026-03-30,9,3,349.35,28.0,350.0
2026-03-30,9,4,100.1,5.0,0.0
2026-03-30,9,5,50.04,0.0,0.0
2026-03-30,10,1,157.55,9.0,0.0
2026-03-30,10,2,113.55,9.0,0.0
2026-03-30,10,3,335.84,29.0,0.0
2026-03-30,10,4,108.19,6.0,0.0
2026-03-30,10,5,51.44,4.0,0.0
2026-03-30,11,1,131.75,19.0,0.0
2026-03-30,11,2,93.45,13.0,0.0
2026-03-30,11,3,311.45,31.0,0.0
2026-03-30,11,4,85.35,2.0,0.0
2026-03-30,11,5,39.79,2.0,0.0
2026-03-30,12,1,88.46,15.0,0.0
2026-03-30,12,2,132.57,11.0,0.0
2026-03-30,12,3,255.83,21.0,0.0
2026-03-30,12,4,80.03,8.0,0.0
2026-03-30,12,5,31.54,6.0,0.0
2026-03-30,13,1,113.99,19.0,0.0
2026-03-30,13,2,109.74,17.0,0.0
2026-03-30,13,3,283.08,22.0,0.0
2026-03-30,13,4,85.34,7.0,0.0
2026-03-30,13,5,63.55,6.0,0.0
2026-03-30,14,1,174.18,8.0,0.0
2026-03-30,14,2,123.33,12.0,0.0
2026-03-30,14,3,174.34,26.0,0.0
2026-03-30,14,4,46.61,7.0,0.0
2026-03-30,14,5,75.67,4.0,0.0
2026-03-30,15,1,195.4,12.0,0.0
2026-03-30,15,2,132.98,1.0,0.0
2026-03-30,15,3,214.53,20.0,0.0
2026-03-30,15,4,19.27,2.0,0.0
2026-03-30,15,5,77.26,4.0,0.0
2026-03-30,16,1,204.27,17.0,0.0
2026-03-30,16,2,89.46,9.0,0.0
2026-03-30,16,3,214.64,22.0,0.0
2026-03-30,16,4,55.4,4.0,0.0
2026-03-30,16,5,73.59,0.0,0.0
2026-03-31,2,1,670.89,43.0,630.0
2026-03-31,2,2,514.0,30.0,420.0
2026-03-31,2,3,97.25,72.0,0.0
2026-03-31,2,4,367.0,32.0,336.0
2026-03-31,2,5,62.0,14.0,0.0
2026-03-31,3,1,144.9,51.0,0.0
2026-03-31,3,2,110.0,33.0,0.0
2026-03-31,3,3,243.55,85.0,0.0
2026-03-31,3,4,392.0,18.0,336.0
2026-03-31,3,5,96.0,16.0,0.0
2026-03-31,4,1,154.5,38.0,0.0
2026-03-31,4,2,488.0,25.0,420.0
2026-03-31,4,3,203.46,85.0,0.0
2026-03-31,4,4,75.22,22.0,0.0
2026-03-31,4,5,94.0,12.0,0.0
2026-03-31,5,1,160.99,13.0,0.0
2026-03-31,5,2,66.52,5.0,0.0
2026-03-31,5,3,250.71,27.0,0.0
2026-03-31,5,4,99.23,6.0,0.0
2026-03-31,5,5,67.68,1.0,0.0
2026-03-31,6,1,172.98,19.0,0.0
2026-03-31,6,2,86.12,16.0,0.0
2026-03-31,6,3,257.53,30.0,0.0
2026-03-31,6,4,36.83,7.0,0.0
2026-03-31,6,5,38.01,3.0,0.0
2026-03-31,7,1,164.18,18.0,0.0
2026-03-31,7,2,70.98,15.0,0.0
2026-03-31,7,3,265.92,25.0,0.0
2026-03-31,7,4,95.84,15.0,0.0
2026-03-31,7,5,63.22,5.0,0.0
2026-03-31,8,1,162.13,13.0,0.0
2026-03-31,8,2,139.14,9.0,0.0
2026-03-31,8,3,177.19,32.0,0.0
2026-03-31,8,4,46.73,6.0,0.0
2026-03-31,8,5,42.29,5.0,0.0
2026-03-31,9,1,84.53,20.0,0.0
2026-03-31,9,2,124.6,8.0,0.0
2026-03-31,9,3,320.35,29.0,0.0
2026-03-31,9,4,93.1,7.0,0.0
2026-03-31,9,5,48.04,2.0,0.0
2026-03-31,10,1,142.55,15.0,0.0
2026-03-31,10,2,103.55,10.0,0.0
2026-03-31,10,3,317.84,18.0,0.0
2026-03-31,10,4,103.19,5.0,0.0
2026-03-31,10,5,50.44,1.0,0.0
2026-03-31,11,1,115.75,16.0,0.0
2026-03-31,11,2,83.45,10.0,0.0
2026-03-31,11,3,289.45,22.0,0.0
2026-03-31,11,4,80.35,5.0,0.0
2026-03-31,11,5,36.79,3.0,0.0
2026-03-31,12,1,64.46,24.0,0.0
2026-03-31,12,2,119.57,13.0,0.0
2026-03-31,12,3,233.83,22.0,0.0
2026-03-31,12,4,74.03,6.0,0.0
2026-03-31,12,5,26.54,5.0,0.0
2026-03-31,13,1,100.99,13.0,0.0
2026-03-31,13,2,102.74,7.0,0.0
2026-03-31,13,3,255.08,28.0,0.0
2026-03-31,13,4,79.34,6.0,0.0
2026-03-31,13,5,58.55,5.0,0.0
2026-03-31,14,1,157.18,17.0,0.0
2026-03-31,14,2,107.33,16.0,0.0
2026-03-31,14,3,147.34,27.0,0.0
2026-03-31,14,4,40.61,6.0,0.0
2026-03-31,14,5,71.67,4.0,0.0
2026-03-31,15,1,181.4,14.0,0.0
2026-03-31,15,2,126.98,6.0,0.0
2026-03-31,15,3,191.53,23.0,0.0
2026-03-31,15,4,121.27,10.0,112.0
2026-03-31,15,5,70.26,7.0,0.0
2026-03-31,16,1,186.27,18.0,0.0
2026-03-31,16,2,79.46,10.0,0.0
2026-03-31,16,3,187.64,27.0,0.0
2026-03-31,16,4,48.4,7.0,0.0
2026-03-31,16,5,69.59,4.0,0.0
2026-04-01,2,1,618.89,52.0,0.0
2026-04-01,2,2,488.0,26.0,0.0
2026-04-01,2,3,1076.25,71.0,1050.0
2026-04-01,2,4,346.0,21.0,0.0
2026-04-01,2,5,252.0,20.0,210.0
2026-04-01,3,1,100.9,44.0,0.0
2026-04-01,3,2,499.0,31.0,420.0
2026-04-01,3,3,173.55,70.0,0.0
2026-04-01,3,4,372.0,20.0,0.0
2026-04-01,3,5,86.0,10.0,0.0
2026-04-01,4,1,113.5,41.0,0.0
2026-04-01,4,2,446.0,42.0,0.0
2026-04-01,4,3,131.46,72.0,0.0
2026-04-01,4,4,394.22,17.0,336.0
2026-04-01,4,5,74.0,20.0,0.0
2026-04-01,5,1,149.99,11.0,0.0
2026-04-01,5,2,54.52,12.0,0.0
2026-04-01,5,3,237.71,13.0,0.0
2026-04-01,5,4,94.23,5.0,0.0
2026-04-01,5,5,62.68,5.0,0.0
2026-04-01,6,1,159.98,13.0,0.0
2026-04-01,6,2,78.12,8.0,0.0
2026-04-01,6,3,227.53,30.0,0.0
2026-04-01,6,4,26.83,10.0,0.0
2026-04-01,6,5,34.01,4.0,0.0
2026-04-01,7,1,147.18,17.0,0.0
2026-04-01,7,2,58.98,12.0,0.0
2026-04-01,7,3,238.92,27.0,0.0
2026-04-01,7,4,92.84,3.0,0.0
2026-04-01,7,5,60.22,3.0,0.0
2026-04-01,8,1,152.13,10.0,0.0
2026-04-01,8,2,129.14,10.0,0.0
2026-04-01,8,3,143.19,34.0,0.0
2026-04-01,8,4,34.73,12.0,0.0
2026-04-01,8,5,41.29,1.0,0.0
2026-04-01,9,1,67.53,17.0,0.0
2026-04-01,9,2,112.6,12.0,0.0
2026-04-01,9,3,305.35,15.0,0.0
2026-04-01,9,4,84.1,9.0,0.0
2026-04-01,9,5,42.04,6.0,0.0
2026-04-01,10,1,131.55,11.0,0.0
2026-04-01,10,2,94.55,9.0,0.0
2026-04-01,10,3,295.84,22.0,0.0
2026-04-01,10,4,95.19,8.0,0.0
2026-04-01,10,5,42.44,8.0,0.0
2026-04-01,11,1,103.75,12.0,0.0
2026-04-01,11,2,74.45,9.0,0.0
2026-04-01,11,3,267.45,22.0,0.0
2026-04-01,11,4,72.35,8.0,0.0
2026-04-01,11,5,30.79,6.0,0.0
2026-04-01,12,1,43.46,21.0,0.0
2026-04-01,12,2,113.57,6.0,0.0
2026-04-01,12,3,210.83,23.0,0.0
2026-04-01,12,4,62.03,12.0,0.0
2026-04-01,12,5,24.54,2.0,0.0
2026-04-01,13,1,85.99,15.0,0.0
2026-04-01,13,2,88.74,14.0,0.0
2026-04-01,13,3,231.08,24.0,0.0
2026-04-01,13,4,75.34,4.0,0.0
2026-04-01,13,5,54.55,4.0,0.0
2026-04-01,14,1,137.18,20.0,0.0
2026-04-01,14,2,91.33,16.0,0.0
2026-04-01,14,3,113.34,34.0,0.0
2026-04-01,14,4,30.61,10.0,0.0
2026-04-01,14,5,64.67,7.0,0.0
2026-04-01,15,1,164.4,17.0,0.0
2026-04-01,15,2,113.98,13.0,0.0
2026-04-01,15,3,171.53,20.0,0.0
2026-04-01,15,4,114.27,7.0,0.0
2026-04-01,15,5,65.26,5.0,0.0
2026-04-01,16,1,171.27,15.0,0.0
2026-04-01,16,2,67.46,12.0,0.0
2026-04-01,16,3,158.64,29.0,0.0
2026-04-01,16,4,38.4,10.0,0.0
2026-04-01,16,5,62.59,7.0,0.0
2026-04-02,2,1,580.89,38.0,0.0
2026-04-02,2,2,455.0,33.0,0.0
2026-04-02,2,3,1007.25,69.0,0.0
2026-04-02,2,4,322.0,24.0,0.0
2026-04-02,2,5,244.0,8.0,0.0
2026-04-02,3,1,680.9,50.0,630.0
2026-04-02,3,2,475.0,24.0,0.0
2026-04-02,3,3,104.55,69.0,0.0
2026-04-02,3,4,348.0,24.0,0.0
2026-04-02,3,5,67.0,19.0,0.0
2026-04-02,4,1,696.5,47.0,630.0
2026-04-02,4,2,414.0,32.0,0.0
2026-04-02,4,3,1106.46,75.0,1050.0
2026-04-02,4,4,371.22,23.0,0.0
2026-04-02,4,5,58.0,16.0,0.0
2026-04-02,5,1,141.99,8.0,0.0
2026-04-02,5,2,46.52,8.0,0.0
2026-04-02,5,3,205.71,32.0,0.0
2026-04-02,5,4,85.23,9.0,0.0
2026-04-02,5,5,57.68,5.0,0.0
2026-04-02,6,1,147.98,12.0,0.0
2026-04-02,6,2,67.12,11.0,0.0
2026-04-02,6,3,196.53,31.0,0.0
2026-04-02,6,4,20.83,6.0,0.0
2026-04-02,6,5,99.01,5.0,70.0
2026-04-02,7,1,135.18,12.0,0.0
2026-04-02,7,2,41.98,17.0,0.0
2026-04-02,7,3,215.92,23.0,0.0
2026-04-02,7,4,83.84,9.0,0.0
2026-04-02,7,5,57.22,3.0,0.0
2026-04-02,8,1,142.13,10.0,0.0
2026-04-02,8,2,114.14,15.0,0.0
2026-04-02,8,3,128.19,15.0,0.0
2026-04-02,8,4,24.73,10.0,0.0
2026-04-02,8,5,37.29,4.0,0.0
2026-04-02,9,1,57.53,10.0,0.0
2026-04-02,9,2,96.6,16.0,0.0
2026-04-02,9,3,286.35,19.0,0.0
2026-04-02,9,4,75.1,9.0,0.0
2026-04-02,9,5,36.04,6.0,0.0
2026-04-02,10,1,116.55,15.0,0.0
2026-04-02,10,2,87.55,7.0,0.0
2026-04-02,10,3,271.84,24.0,0.0
2026-04-02,10,4,83.19,12.0,0.0
2026-04-02,10,5,34.44,8.0,0.0
2026-04-02,11,1,87.75,16.0,0.0
2026-04-02,11,2,61.45,13.0,0.0
2026-04-02,11,3,243.45,24.0,0.0
2026-04-02,11,4,62.35,10.0,0.0
2026-04-02,11,5,23.79,7.0,0.0
2026-04-02,12,1,27.46,16.0,0.0
2026-04-02,12,2,105.57,8.0,0.0
2026-04-02,12,3,173.83,37.0,0.0
2026-04-02,12,4,53.03,9.0,0.0
2026-04-02,12,5,19.54,5.0,0.0
2026-04-02,13,1,70.99,15.0,0.0
2026-04-02,13,2,77.74,11.0,0.0
2026-04-02,13,3,206.08,25.0,0.0
2026-04-02,13,4,68.34,7.0,0.0
2026-04-02,13,5,46.55,8.0,0.0
2026-04-02,14,1,121.18,16.0,0.0
2026-04-02,14,2,86.33,5.0,0.0
2026-04-02,14,3,83.34,30.0,0.0
2026-04-02,14,4,15.61,15.0,0.0
2026-04-02,14,5,59.67,5.0,0.0
2026-04-02,15,1,155.4,9.0,0.0
2026-04-02,15,2,104.98,9.0,0.0
2026-04-02,15,3,143.53,28.0,0.0
2026-04-02,15,4,102.27,12.0,0.0
2026-04-02,15,5,63.26,2.0,0.0
2026-04-02,16,1,159.27,12.0,0.0
2026-04-02,16,2,56.46,11.0,0.0
2026-04-02,16,3,126.64,32.0,0.0
2026-04-02,16,4,31.4,7.0,0.0
2026-04-02,16,5,58.59,4.0,0.0
2026-04-03,2,1,529.89,51.0,0.0
2026-04-03,2,2,425.0,30.0,0.0
2026-04-03,2,3,934.25,73.0,0.0
2026-04-03,2,4,301.0,21.0,0.0
2026-04-03,2,5,227.0,17.0,0.0
2026-04-03,3,1,632.9,48.0,0.0
2026-04-03,3,2,439.0,36.0,0.0
2026-04-03,3,3,1063.55,91.0,1050.0
2026-04-03,3,4,329.0,19.0,0.0
2026-04-03,3,5,260.0,17.0,210.0
2026-04-03,4,1,656.5,40.0,0.0
2026-04-03,4,2,379.0,35.0,0.0
2026-04-03,4,3,1033.46,73.0,0.0
2026-04-03,4,4,353.22,18.0,0.0
2026-04-03,4,5,248.0,20.0,210.0
2026-04-03,5,1,123.99,18.0,0.0
2026-04-03,5,2,36.52,10.0,0.0
2026-04-03,5,3,184.71,21.0,0.0
2026-04-03,5,4,77.23,8.0,0.0
2026-04-03,5,5,53.68,4.0,0.0
2026-04-03,6,1,138.98,9.0,0.0
2026-04-03,6,2,56.12,11.0,0.0
2026-04-03,6,3,170.53,26.0,0.0
2026-04-03,6,4,124.83,8.0,112.0
2026-04-03,6,5,95.01,4.0,0.0
2026-04-03,7,1,111.18,24.0,0.0
2026-04-03,7,2,34.98,7.0,0.0
2026-04-03,7,3,193.92,22.0,0.0
2026-04-03,7,4,75.84,8.0,0.0
2026-04-03,7,5,54.22,3.0,0.0
2026-04-03,8,1,125.13,17.0,0.0
2026-04-03,8,2,101.14,13.0,0.0
2026-04-03,8,3,95.19,33.0,0.0
2026-04-03,8,4,15.73,9.0,0.0
2026-04-03,8,5,31.29,6.0,0.0
2026-04-03,9,1,42.53,15.0,0.0
2026-04-03,9,2,95.6,1.0,0.0
2026-04-03,9,3,262.35,24.0,0.0
2026-04-03,9,4,66.1,9.0,0.0
2026-04-03,9,5,29.04,7.0,0.0
2026-04-03,10,1,104.55,12.0,0.0
2026-04-03,10,2,73.55,14.0,0.0
2026-04-03,10,3,249.84,22.0,0.0
2026-04-03,10,4,80.19,3.0,0.0
2026-04-03,10,5,31.44,3.0,0.0
2026-04-03,11,1,70.75,17.0,0.0
2026-04-03,11,2,49.45,12.0,0.0
2026-04-03,11,3,216.45,27.0,0.0
2026-04-03,11,4,57.35,5.0,0.0
2026-04-03,11,5,88.79,5.0,70.0
2026-04-03,12,1,216.46,21.0,210.0
2026-04-03,12,2,93.57,12.0,0.0
2026-04-03,12,3,150.83,23.0,0.0
2026-04-03,12,4,37.03,16.0,0.0
2026-04-03,12,5,79.54,10.0,70.0
2026-04-03,13,1,55.99,15.0,0.0
2026-04-03,13,2,66.74,11.0,0.0
2026-04-03,13,3,180.08,26.0,0.0
2026-04-03,13,4,59.34,9.0,0.0
2026-04-03,13,5,43.55,3.0,0.0
2026-04-03,14,1,105.18,16.0,0.0
2026-04-03,14,2,75.33,11.0,0.0
2026-04-03,14,3,60.34,23.0,0.0
2026-04-03,14,4,117.61,10.0,112.0
2026-04-03,14,5,50.67,9.0,0.0
2026-04-03,15,1,138.4,17.0,0.0
2026-04-03,15,2,91.98,13.0,0.0
2026-04-03,15,3,115.53,28.0,0.0
2026-04-03,15,4,86.27,16.0,0.0
2026-04-03,15,5,57.26,6.0,0.0
2026-04-03,16,1,146.27,13.0,0.0
2026-04-03,16,2,47.46,9.0,0.0
2026-04-03,16,3,97.64,29.0,0.0
2026-04-03,16,4,25.4,6.0,0.0
2026-04-03,16,5,53.59,5.0,0.0
2026-04-04,2,1,474.89,55.0,0.0
2026-04-04,2,2,393.0,32.0,0.0
2026-04-04,2,3,851.25,83.0,0.0
2026-04-04,2,4,288.0,13.0,0.0
2026-04-04,2,5,217.0,10.0,0.0
2026-04-04,3,1,591.9,41.0,0.0
2026-04-04,3,2,419.0,20.0,0.0
2026-04-04,3,3,994.55,69.0,0.0
2026-04-04,3,4,303.0,26.0,0.0
2026-04-04,3,5,247.0,13.0,0.0
2026-04-04,4,1,614.5,42.0,0.0
2026-04-04,4,2,360.0,19.0,0.0
2026-04-04,4,3,959.46,74.0,0.0
2026-04-04,4,4,330.22,23.0,0.0
2026-04-04,4,5,231.0,17.0,0.0
2026-04-04,5,1,107.99,16.0,0.0
2026-04-04,5,2,168.52,8.0,140.0
2026-04-04,5,3,165.71,19.0,0.0
2026-04-04,5,4,69.23,8.0,0.0
2026-04-04,5,5,50.68,3.0,0.0
2026-04-04,6,1,126.98,12.0,0.0
2026-04-04,6,2,51.12,5.0,0.0
2026-04-04,6,3,155.53,15.0,0.0
2026-04-04,6,4,120.83,4.0,0.0
2026-04-04,6,5,93.01,2.0,0.0
2026-04-04,7,1,102.18,9.0,0.0
2026-04-04,7,2,28.98,6.0,0.0
2026-04-04,7,3,168.92,25.0,0.0
2026-04-04,7,4,65.84,10.0,0.0
2026-04-04,7,5,51.22,3.0,0.0
2026-04-04,8,1,105.13,20.0,0.0
2026-04-04,8,2,93.14,8.0,0.0
2026-04-04,8,3,79.19,16.0,0.0
2026-04-04,8,4,123.73,4.0,112.0
2026-04-04,8,5,29.29,2.0,0.0
2026-04-04,9,1,28.53,14.0,0.0
2026-04-04,9,2,89.6,6.0,0.0
2026-04-04,9,3,234.35,28.0,0.0
2026-04-04,9,4,60.1,6.0,0.0
2026-04-04,9,5,24.04,5.0,0.0
2026-04-04,10,1,90.55,14.0,0.0
2026-04-04,10,2,64.55,9.0,0.0
2026-04-04,10,3,228.84,21.0,0.0
2026-04-04,10,4,74.19,6.0,0.0
2026-04-04,10,5,28.44,3.0,0.0
2026-04-04,11,1,57.75,13.0,0.0
2026-04-04,11,2,43.45,6.0,0.0
2026-04-04,11,3,200.45,16.0,0.0
2026-04-04,11,4,52.35,5.0,0.0
2026-04-04,11,5,85.79,3.0,0.0
2026-04-04,12,1,202.46,14.0,0.0
2026-04-04,12,2,84.57,9.0,0.0
2026-04-04,12,3,128.83,22.0,0.0
2026-04-04,12,4,24.03,13.0,0.0
2026-04-04,12,5,75.54,4.0,0.0
2026-04-04,13,1,48.99,7.0,0.0
2026-04-04,13,2,61.74,5.0,0.0
2026-04-04,13,3,159.08,21.0,0.0
2026-04-04,13,4,53.34,6.0,0.0
2026-04-04,13,5,39.55,4.0,0.0
2026-04-04,14,1,95.18,10.0,0.0
2026-04-04,14,2,66.33,9.0,0.0
2026-04-04,14,3,49.34,11.0,0.0
2026-04-04,14,4,114.61,3.0,0.0
2026-04-04,14,5,47.67,3.0,0.0
2026-04-04,15,1,121.4,17.0,0.0
2026-04-04,15,2,81.98,10.0,0.0
2026-04-04,15,3,82.53,33.0,0.0
2026-04-04,15,4,80.27,6.0,0.0
2026-04-04,15,5,53.26,4.0,0.0
2026-04-04,16,1,131.27,15.0,0.0
2026-04-04,16,2,34.46,13.0,0.0
2026-04-04,16,3,81.64,16.0,0.0
2026-04-04,16,4,19.4,6.0,0.0
2026-04-04,16,5,44.59,9.0,0.0
2026-04-05,2,1,433.89,41.0,0.0
2026-04-05,2,2,376.0,17.0,0.0
2026-04-05,2,3,778.25,73.0,0.0
2026-04-05,2,4,274.0,14.0,0.0
2026-04-05,2,5,204.0,13.0,0.0
2026-04-05,3,1,556.9,35.0,0.0
2026-04-05,3,2,396.0,23.0,0.0
2026-04-05,3,3,936.55,58.0,0.0
2026-04-05,3,4,286.0,17.0,0.0
2026-04-05,3,5,231.0,16.0,0.0
2026-04-05,4,1,572.5,42.0,0.0
2026-04-05,4,2,337.0,23.0,0.0
2026-04-05,4,3,889.46,70.0,0.0
2026-04-05,4,4,314.22,16.0,0.0
2026-04-05,4,5,213.0,18.0,0.0
2026-04-05,5,1,94.99,13.0,0.0
2026-04-05,5,2,158.52,10.0,0.0
2026-04-05,5,3,152.71,13.0,0.0
2026-04-05,5,4,63.23,6.0,0.0
2026-04-05,5,5,47.68,3.0,0.0
2026-04-05,6,1,116.98,10.0,0.0
2026-04-05,6,2,49.12,2.0,0.0
2026-04-05,6,3,139.53,16.0,0.0
2026-04-05,6,4,115.83,5.0,0.0
2026-04-05,6,5,87.01,6.0,0.0
2026-04-05,7,1,85.18,17.0,0.0
2026-04-05,7,2,160.98,8.0,140.0
2026-04-05,7,3,146.92,22.0,0.0
2026-04-05,7,4,63.84,2.0,0.0
2026-04-05,7,5,45.22,6.0,0.0
2026-04-05,8,1,100.13,5.0,0.0
2026-04-05,8,2,85.14,8.0,0.0
2026-04-05,8,3,59.19,20.0,0.0
2026-04-05,8,4,116.73,7.0,0.0
2026-04-05,8,5,25.29,4.0,0.0
2026-04-05,9,1,224.53,14.0,210.0
2026-04-05,9,2,78.6,11.0,0.0
2026-04-05,9,3,206.35,28.0,0.0
2026-04-05,9,4,55.1,5.0,0.0
2026-04-05,9,5,88.04,6.0,70.0
2026-04-05,10,1,82.55,8.0,0.0
2026-04-05,10,2,55.55,9.0,0.0
2026-04-05,10,3,201.84,27.0,0.0
2026-04-05,10,4,68.19,6.0,0.0
2026-04-05,10,5,28.44,0.0,0.0
2026-04-05,11,1,51.75,6.0,0.0
2026-04-05,11,2,36.45,7.0,0.0
2026-04-05,11,3,175.45,25.0,0.0
2026-04-05,11,4,42.35,10.0,0.0
2026-04-05,11,5,78.79,7.0,0.0
2026-04-05,12,1,196.46,6.0,0.0
2026-04-05,12,2,73.57,11.0,0.0
2026-04-05,12,3,105.83,23.0,0.0
2026-04-05,12,4,14.03,10.0,0.0
2026-04-05,12,5,69.54,6.0,0.0
2026-04-05,13,1,39.99,9.0,0.0
2026-04-05,13,2,48.74,13.0,0.0
2026-04-05,13,3,134.08,25.0,0.0
2026-04-05,13,4,44.34,9.0,0.0
2026-04-05,13,5,36.55,3.0,0.0
2026-04-05,14,1,88.18,7.0,0.0
2026-04-05,14,2,59.33,7.0,0.0
2026-04-05,14,3,375.34,24.0,350.0
2026-04-05,14,4,109.61,5.0,0.0
2026-04-05,14,5,44.67,3.0,0.0
2026-04-05,15,1,112.4,9.0,0.0
2026-04-05,15,2,68.98,13.0,0.0
2026-04-05,15,3,54.53,28.0,0.0
2026-04-05,15,4,73.27,7.0,0.0
2026-04-05,15,5,47.26,6.0,0.0
2026-04-05,16,1,125.27,6.0,0.0
2026-04-05,16,2,29.46,5.0,0.0
2026-04-05,16,3,62.64,19.0,0.0
2026-04-05,16,4,127.4,4.0,112.0
2026-04-05,16,5,41.59,3.0,0.0
2026-04-06,2,1,387.89,46.0,0.0
2026-04-06,2,2,343.0,33.0,0.0
2026-04-06,2,3,708.25,70.0,0.0
2026-04-06,2,4,255.0,19.0,0.0
2026-04-06,2,5,188.0,16.0,0.0
2026-04-06,3,1,518.9,38.0,0.0
2026-04-06,3,2,362.0,34.0,0.0
2026-04-06,3,3,865.55,71.0,0.0
2026-04-06,3,4,265.0,21.0,0.0
2026-04-06,3,5,217.0,14.0,0.0
2026-04-06,4,1,522.5,50.0,0.0
2026-04-06,4,2,304.0,33.0,0.0
2026-04-06,4,3,814.46,75.0,0.0
2026-04-06,4,4,291.22,23.0,0.0
2026-04-06,4,5,195.0,18.0,0.0
2026-04-06,5,1,82.99,12.0,0.0
2026-04-06,5,2,149.52,9.0,0.0
2026-04-06,5,3,130.71,22.0,0.0
2026-04-06,5,4,57.23,6.0,0.0
2026-04-06,5,5,43.68,4.0,0.0
2026-04-06,6,1,96.98,20.0,0.0
2026-04-06,6,2,35.12,14.0,0.0
2026-04-06,6,3,114.53,25.0,0.0
2026-04-06,6,4,110.83,5.0,0.0
2026-04-06,6,5,83.01,4.0,0.0
2026-04-06,7,1,74.18,11.0,0.0
2026-04-06,7,2,149.98,11.0,0.0
2026-04-06,7,3,123.92,23.0,0.0
2026-04-06,7,4,58.84,5.0,0.0
2026-04-06,7,5,44.22,1.0,0.0
2026-04-06,8,1,85.13,15.0,0.0
2026-04-06,8,2,72.14,13.0,0.0
2026-04-06,8,3,45.19,14.0,0.0
2026-04-06,8,4,107.73,9.0,0.0
2026-04-06,8,5,91.29,4.0,70.0
2026-04-06,9,1,214.53,10.0,0.0
2026-04-06,9,2,71.6,7.0,0.0
2026-04-06,9,3,170.35,36.0,0.0
2026-04-06,9,4,43.1,12.0,0.0
2026-04-06,9,5,77.04,11.0,0.0
2026-04-06,10,1,68.55,14.0,0.0
2026-04-06,10,2,42.55,13.0,0.0
2026-04-06,10,3,182.84,19.0,0.0
2026-04-06,10,4,57.19,11.0,0.0
2026-04-06,10,5,93.44,5.0,70.0
2026-04-06,11,1,33.75,18.0,0.0
2026-04-06,11,2,163.45,13.0,140.0
2026-04-06,11,3,150.45,25.0,0.0
2026-04-06,11,4,35.35,7.0,0.0
2026-04-06,11,5,74.79,4.0,0.0
2026-04-06,12,1,184.46,12.0,0.0
2026-04-06,12,2,63.57,10.0,0.0
2026-04-06,12,3,73.83,32.0,0.0
2026-04-06,12,4,9.03,5.0,0.0
2026-04-06,12,5,62.54,7.0,0.0
2026-04-06,13,1,230.99,19.0,210.0
2026-04-06,13,2,39.74,9.0,0.0
2026-04-06,13,3,107.08,27.0,0.0
2026-04-06,13,4,39.34,5.0,0.0
2026-04-06,13,5,30.55,6.0,0.0
2026-04-06,14,1,74.18,14.0,0.0
2026-04-06,14,2,48.33,11.0,0.0
2026-04-06,14,3,354.34,21.0,0.0
2026-04-06,14,4,102.61,7.0,0.0
2026-04-06,14,5,40.67,4.0,0.0
2026-04-06,15,1,92.4,20.0,0.0
2026-04-06,15,2,58.98,10.0,0.0
2026-04-06,15,3,28.53,26.0,0.0
2026-04-06,15,4,65.27,8.0,0.0
2026-04-06,15,5,45.26,2.0,0.0
2026-04-06,16,1,111.27,14.0,0.0
2026-04-06,16,2,159.46,10.0,140.0
2026-04-06,16,3,29.64,33.0,0.0
2026-04-06,16,4,118.4,9.0,0.0
2026-04-06,16,5,37.59,4.0,0.0
2026-04-07,2,1,351.89,36.0,0.0
2026-04-07,2,2,305.0,38.0,0.0
2026-04-07,2,3,638.25,70.0,0.0
2026-04-07,2,4,224.0,31.0,0.0
2026-04-07,2,5,172.0,16.0,0.0
2026-04-07,3,1,485.9,33.0,0.0
2026-04-07,3,2,332.0,30.0,0.0
2026-04-07,3,3,796.55,69.0,0.0
2026-04-07,3,4,241.0,24.0,0.0
2026-04-07,3,5,203.0,14.0,0.0
2026-04-07,4,1,468.5,54.0,0.0
2026-04-07,4,2,281.0,23.0,0.0
2026-04-07,4,3,741.46,73.0,0.0
2026-04-07,4,4,265.22,26.0,0.0
2026-04-07,4,5,178.0,17.0,0.0
2026-04-07,5,1,69.99,13.0,0.0
2026-04-07,5,2,140.52,9.0,0.0
2026-04-07,5,3,101.71,29.0,0.0
2026-04-07,5,4,49.23,8.0,0.0
2026-04-07,5,5,36.68,7.0,0.0
2026-04-07,6,1,85.98,11.0,0.0
2026-04-07,6,2,165.12,10.0,140.0
2026-04-07,6,3,85.53,29.0,0.0
2026-04-07,6,4,103.83,7.0,0.0
2026-04-07,6,5,78.01,5.0,0.0
2026-04-07,7,1,56.18,18.0,0.0
2026-04-07,7,2,127.98,22.0,0.0
2026-04-07,7,3,96.92,27.0,0.0
2026-04-07,7,4,52.84,6.0,0.0
2026-04-07,7,5,36.22,8.0,0.0
2026-04-07,8,1,71.13,14.0,0.0
2026-04-07,8,2,61.14,11.0,0.0
2026-04-07,8,3,372.19,23.0,350.0
2026-04-07,8,4,103.73,4.0,0.0
2026-04-07,8,5,88.29,3.0,0.0
2026-04-07,9,1,204.53,10.0,0.0
2026-04-07,9,2,61.6,10.0,0.0
2026-04-07,9,3,139.35,31.0,0.0
2026-04-07,9,4,34.1,9.0,0.0
2026-04-07,9,5,72.04,5.0,0.0
2026-04-07,10,1,50.55,18.0,0.0
2026-04-07,10,2,30.55,12.0,0.0
2026-04-07,10,3,167.84,15.0,0.0
2026-04-07,10,4,51.19,6.0,0.0
2026-04-07,10,5,86.44,7.0,0.0
2026-04-07,11,1,232.75,11.0,210.0
2026-04-07,11,2,152.45,11.0,0.0
2026-04-07,11,3,122.45,28.0,0.0
2026-04-07,11,4,31.35,4.0,0.0
2026-04-07,11,5,71.79,3.0,0.0
2026-04-07,12,1,171.46,13.0,0.0
2026-04-07,12,2,54.57,9.0,0.0
2026-04-07,12,3,49.83,24.0,0.0
2026-04-07,12,4,117.03,4.0,112.0
2026-04-07,12,5,59.54,3.0,0.0
2026-04-07,13,1,220.99,10.0,0.0
2026-04-07,13,2,27.74,12.0,0.0
2026-04-07,13,3,80.08,27.0,0.0
2026-04-07,13,4,27.34,12.0,0.0
2026-04-07,13,5,26.55,4.0,0.0
2026-04-07,14,1,64.18,10.0,0.0
2026-04-07,14,2,39.33,9.0,0.0
2026-04-07,14,3,330.34,24.0,0.0
2026-04-07,14,4,92.61,10.0,0.0
2026-04-07,14,5,34.67,6.0,0.0
2026-04-07,15,1,79.4,13.0,0.0
2026-04-07,15,2,51.98,7.0,0.0
2026-04-07,15,3,359.53,19.0,350.0
2026-04-07,15,4,58.27,7.0,0.0
2026-04-07,15,5,37.26,8.0,0.0
2026-04-07,16,1,101.27,10.0,0.0
2026-04-07,16,2,144.46,15.0,0.0
2026-04-07,16,3,347.64,32.0,350.0
2026-04-07,16,4,110.4,8.0,0.0
2026-04-07,16,5,30.59,7.0,0.0
2026-04-08,2,1,313.89,38.0,0.0
2026-04-08,2,2,281.0,24.0,0.0
2026-04-08,2,3,552.25,86.0,0.0
2026-04-08,2,4,204.0,20.0,0.0
2026-04-08,2,5,158.0,14.0,0.0
2026-04-08,3,1,444.9,41.0,0.0
2026-04-08,3,2,304.0,28.0,0.0
2026-04-08,3,3,719.55,77.0,0.0
2026-04-08,3,4,213.0,28.0,0.0
2026-04-08,3,5,188.0,15.0,0.0
2026-04-08,4,1,437.5,31.0,0.0
2026-04-08,4,2,253.0,28.0,0.0
2026-04-08,4,3,669.46,72.0,0.0
2026-04-08,4,4,240.22,25.0,0.0
2026-04-08,4,5,159.0,19.0,0.0
2026-04-08,5,1,55.99,14.0,0.0
2026-04-08,5,2,128.52,12.0,0.0
2026-04-08,5,3,81.71,20.0,0.0
2026-04-08,5,4,40.23,9.0,0.0
2026-04-08,5,5,32.68,4.0,0.0
2026-04-08,6,1,73.98,12.0,0.0
2026-04-08,6,2,153.12,12.0,0.0
2026-04-08,6,3,68.53,17.0,0.0
2026-04-08,6,4,93.83,10.0,0.0
2026-04-08,6,5,71.01,7.0,0.0
2026-04-08,7,1,42.18,14.0,0.0
2026-04-08,7,2,121.98,6.0,0.0
2026-04-08,7,3,73.92,23.0,0.0
2026-04-08,7,4,46.84,6.0,0.0
2026-04-08,7,5,33.22,3.0,0.0
2026-04-08,8,1,55.13,16.0,0.0
2026-04-08,8,2,50.14,11.0,0.0
2026-04-08,8,3,341.19,31.0,0.0
2026-04-08,8,4,95.73,8.0,0.0
2026-04-08,8,5,81.29,7.0,0.0
2026-04-08,9,1,193.53,11.0,0.0
2026-04-08,9,2,57.6,4.0,0.0
2026-04-08,9,3,107.35,32.0,0.0
2026-04-08,9,4,29.1,5.0,0.0
2026-04-08,9,5,66.04,6.0,0.0
2026-04-08,10,1,41.55,9.0,0.0
2026-04-08,10,2,161.55,9.0,140.0
2026-04-08,10,3,132.84,35.0,0.0
2026-04-08,10,4,46.19,5.0,0.0
2026-04-08,10,5,82.44,4.0,0.0
2026-04-08,11,1,208.75,24.0,0.0
2026-04-08,11,2,142.45,10.0,0.0
2026-04-08,11,3,95.45,27.0,0.0
2026-04-08,11,4,24.35,7.0,0.0
2026-04-08,11,5,64.79,7.0,0.0
2026-04-08,12,1,158.46,13.0,0.0
2026-04-08,12,2,47.57,7.0,0.0
2026-04-08,12,3,377.83,22.0,350.0
2026-04-08,12,4,106.03,11.0,0.0
2026-04-08,12,5,54.54,5.0,0.0
2026-04-08,13,1,209.99,11.0,0.0
2026-04-08,13,2,159.74,8.0,140.0
2026-04-08,13,3,56.08,24.0,0.0
2026-04-08,13,4,12.34,15.0,0.0
2026-04-08,13,5,19.55,7.0,0.0
2026-04-08,14,1,47.18,17.0,0.0
2026-04-08,14,2,26.33,13.0,0.0
2026-04-08,14,3,305.34,25.0,0.0
2026-04-08,14,4,77.61,15.0,0.0
2026-04-08,14,5,33.67,1.0,0.0
2026-04-08,15,1,60.4,19.0,0.0
2026-04-08,15,2,41.98,10.0,0.0
2026-04-08,15,3,334.53,25.0,0.0
2026-04-08,15,4,51.27,7.0,0.0
2026-04-08,15,5,33.26,4.0,0.0
2026-04-08,16,1,90.27,11.0,0.0
2026-04-08,16,2,127.46,17.0,0.0
2026-04-08,16,3,311.64,36.0,0.0
2026-04-08,16,4,102.4,8.0,0.0
2026-04-08,16,5,26.59,4.0,0.0
2026-04-09,2,1,279.89,34.0,0.0
2026-04-09,2,2,256.0,25.0,0.0
2026-04-09,2,3,501.25,51.0,0.0
2026-04-09,2,4,187.0,17.0,0.0
2026-04-09,2,5,140.0,18.0,0.0
2026-04-09,3,1,407.9,37.0,0.0
2026-04-09,3,2,277.0,27.0,0.0
2026-04-09,3,3,628.55,91.0,0.0
2026-04-09,3,4,189.0,24.0,0.0
2026-04-09,3,5,171.0,17.0,0.0
2026-04-09,4,1,386.5,51.0,0.0
2026-04-09,4,2,222.0,31.0,0.0
2026-04-09,4,3,589.46,80.0,0.0
2026-04-09,4,4,218.22,22.0,0.0
2026-04-09,4,5,147.0,12.0,0.0
2026-04-09,5,1,42.99,13.0,0.0
2026-04-09,5,2,116.52,12.0,0.0
2026-04-09,5,3,54.71,27.0,0.0
2026-04-09,5,4,33.23,7.0,0.0
2026-04-09,5,5,30.68,2.0,0.0
2026-04-09,6,1,63.98,10.0,0.0
2026-04-09,6,2,141.12,12.0,0.0
2026-04-09,6,3,51.53,17.0,0.0
2026-04-09,6,4,81.83,12.0,0.0
2026-04-09,6,5,66.01,5.0,0.0
2026-04-09,7,1,26.18,16.0,0.0
2026-04-09,7,2,114.98,7.0,0.0
2026-04-09,7,3,50.92,23.0,0.0
2026-04-09,7,4,39.84,7.0,0.0
2026-04-09,7,5,28.22,5.0,0.0
2026-04-09,8,1,40.13,15.0,0.0
2026-04-09,8,2,42.14,8.0,0.0
2026-04-09,8,3,317.19,24.0,0.0
2026-04-09,8,4,85.73,10.0,0.0
2026-04-09,8,5,79.29,2.0,0.0
2026-04-09,9,1,182.53,11.0,0.0
2026-04-09,9,2,43.6,14.0,0.0
2026-04-09,9,3,81.35,26.0,0.0
2026-04-09,9,4,20.1,9.0,0.0
2026-04-09,9,5,63.04,3.0,0.0
2026-04-09,10,1,30.55,11.0,0.0
2026-04-09,10,2,153.55,8.0,0.0
2026-04-09,10,3,112.84,20.0,0.0
2026-04-09,10,4,39.19,7.0,0.0
2026-04-09,10,5,79.44,3.0,0.0
2026-04-09,11,1,196.75,12.0,0.0
2026-04-09,11,2,126.45,16.0,0.0
2026-04-09,11,3,69.45,26.0,0.0
2026-04-09,11,4,130.35,6.0,112.0
2026-04-09,11,5,57.79,7.0,0.0
2026-04-09,12,1,142.46,16.0,0.0
2026-04-09,12,2,33.57,14.0,0.0
2026-04-09,12,3,358.83,19.0,0.0
2026-04-09,12,4,99.03,7.0,0.0
2026-04-09,12,5,48.54,6.0,0.0
2026-04-09,13,1,200.99,9.0,0.0
2026-04-09,13,2,151.74,8.0,0.0
2026-04-09,13,3,34.08,22.0,0.0
2026-04-09,13,4,113.34,11.0,112.0
2026-04-09,13,5,81.55,8.0,70.0
2026-04-09,14,1,35.18,12.0,0.0
2026-04-09,14,2,150.33,16.0,140.0
2026-04-09,14,3,270.34,35.0,0.0
2026-04-09,14,4,69.61,8.0,0.0
2026-04-09,14,5,31.67,2.0,0.0
2026-04-09,15,1,44.4,16.0,0.0
2026-04-09,15,2,30.98,11.0,0.0
2026-04-09,15,3,313.53,21.0,0.0
2026-04-09,15,4,40.27,11.0,0.0
2026-04-09,15,5,29.26,4.0,0.0
2026-04-09,16,1,69.27,21.0,0.0
2026-04-09,16,2,119.46,8.0,0.0
2026-04-09,16,3,292.64,19.0,0.0
2026-04-09,16,4,94.4,8.0,0.0
2026-04-09,16,5,22.59,4.0,0.0
2026-04-10,2,1,231.89,48.0,0.0
2026-04-10,2,2,231.0,25.0,0.0
2026-04-10,2,3,419.25,82.0,0.0
2026-04-10,2,4,165.0,22.0,0.0
2026-04-10,2,5,119.0,21.0,0.0
2026-04-10,3,1,360.9,47.0,0.0
2026-04-10,3,2,247.0,30.0,0.0
2026-04-10,3,3,556.55,72.0,0.0
2026-04-10,3,4,160.0,29.0,0.0
2026-04-10,3,5,150.0,21.0,0.0
2026-04-10,4,1,329.5,57.0,0.0
2026-04-10,4,2,194.0,28.0,0.0
2026-04-10,4,3,500.46,89.0,0.0
2026-04-10,4,4,195.22,23.0,0.0
2026-04-10,4,5,128.0,19.0,0.0
2026-04-10,5,1,24.99,18.0,0.0
2026-04-10,5,2,107.52,9.0,0.0
2026-04-10,5,3,33.71,21.0,0.0
2026-04-10,5,4,25.23,8.0,0.0
2026-04-10,5,5,27.68,3.0,0.0
2026-04-10,6,1,50.98,13.0,0.0
2026-04-10,6,2,133.12,8.0,0.0
2026-04-10,6,3,383.53,18.0,350.0
2026-04-10,6,4,67.83,14.0,0.0
2026-04-10,6,5,62.01,4.0,0.0
2026-04-10,7,1,224.18,12.0,210.0
2026-04-10,7,2,103.98,11.0,0.0
2026-04-10,7,3,374.92,26.0,350.0
2026-04-10,7,4,34.84,5.0,0.0
2026-04-10,7,5,24.22,4.0,0.0
2026-04-10,8,1,24.13,16.0,0.0
2026-04-10,8,2,32.14,10.0,0.0
2026-04-10,8,3,293.19,24.0,0.0
2026-04-10,8,4,75.73,10.0,0.0
2026-04-10,8,5,75.29,4.0,0.0
2026-04-10,9,1,163.53,19.0,0.0
2026-04-10,9,2,34.6,9.0,0.0
2026-04-10,9,3,58.35,23.0,0.0
2026-04-10,9,4,126.1,6.0,112.0
2026-04-10,9,5,61.04,2.0,0.0
2026-04-10,10,1,225.55,15.0,210.0
2026-04-10,10,2,146.55,7.0,0.0
2026-04-10,10,3,89.84,23.0,0.0
2026-04-10,10,4,29.19,10.0,0.0
2026-04-10,10,5,76.44,3.0,0.0
2026-04-10,11,1,177.75,19.0,0.0
2026-04-10,11,2,114.45,12.0,0.0
2026-04-10,11,3,50.45,19.0,0.0
2026-04-10,11,4,120.35,10.0,0.0
2026-04-10,11,5,56.79,1.0,0.0
2026-04-10,12,1,123.46,19.0,0.0
2026-04-10,12,2,165.57,8.0,140.0
2026-04-10,12,3,338.83,20.0,0.0
2026-04-10,12,4,92.03,7.0,0.0
2026-04-10,12,5,42.54,6.0,0.0
2026-04-10,13,1,189.99,11.0,0.0
2026-04-10,13,2,143.74,8.0,0.0
2026-04-10,13,3,367.08,17.0,350.0
2026-04-10,13,4,104.34,9.0,0.0
2026-04-10,13,5,79.55,2.0,0.0
2026-04-10,14,1,229.18,16.0,210.0
2026-04-10,14,2,141.33,9.0,0.0
2026-04-10,14,3,245.34,25.0,0.0
2026-04-10,14,4,56.61,13.0,0.0
2026-04-10,14,5,95.67,6.0,70.0
2026-04-10,15,1,25.4,19.0,0.0
2026-04-10,15,2,160.98,10.0,140.0
2026-04-10,15,3,285.53,28.0,0.0
2026-04-10,15,4,35.27,5.0,0.0
2026-04-10,15,5,23.26,6.0,0.0
2026-04-10,16,1,48.27,21.0,0.0
2026-04-10,16,2,106.46,13.0,0.0
2026-04-10,16,3,267.64,25.0,0.0
2026-04-10,16,4,90.4,4.0,0.0
2026-04-10,16,5,17.59,5.0,0.0
2026-04-11,2,1,193.89,38.0,0.0
2026-04-11,2,2,207.0,24.0,0.0
2026-04-11,2,3,348.25,71.0,0.0
2026-04-11,2,4,143.0,22.0,0.0
2026-04-11,2,5,110.0,9.0,0.0
2026-04-11,3,1,308.9,52.0,0.0
2026-04-11,3,2,221.0,26.0,0.0
2026-04-11,3,3,489.55,67.0,0.0
2026-04-11,3,4,139.0,21.0,0.0
2026-04-11,3,5,141.0,9.0,0.0
2026-04-11,4,1,292.5,37.0,0.0
2026-04-11,4,2,173.0,21.0,0.0
2026-04-11,4,3,426.46,74.0,0.0
2026-04-11,4,4,168.22,27.0,0.0
2026-04-11,4,5,117.0,11.0,0.0
2026-04-11,5,1,223.99,11.0,210.0
2026-04-11,5,2,102.52,5.0,0.0
2026-04-11,5,3,364.71,19.0,350.0
2026-04-11,5,4,23.23,2.0,0.0
2026-04-11,5,5,91.68,6.0,70.0
2026-04-11,6,1,37.98,13.0,0.0
2026-04-11,6,2,125.12,8.0,0.0
2026-04-11,6,3,368.53,15.0,0.0
2026-04-11,6,4,65.83,2.0,0.0
2026-04-11,6,5,51.01,11.0,0.0
2026-04-11,7,1,217.18,7.0,0.0
2026-04-11,7,2,100.98,3.0,0.0
2026-04-11,7,3,356.92,18.0,0.0
2026-04-11,7,4,29.84,5.0,0.0
2026-04-11,7,5,86.22,8.0,70.0
2026-04-11,8,1,225.13,9.0,210.0
2026-04-11,8,2,162.14,10.0,140.0
2026-04-11,8,3,264.19,29.0,0.0
2026-04-11,8,4,68.73,7.0,0.0
2026-04-11,8,5,72.29,3.0,0.0
2026-04-11,9,1,154.53,9.0,0.0
2026-04-11,9,2,166.6,8.0,140.0
2026-04-11,9,3,38.35,20.0,0.0
2026-04-11,9,4,116.1,10.0,0.0
2026-04-11,9,5,56.04,5.0,0.0
2026-04-11,10,1,217.55,8.0,0.0
2026-04-11,10,2,138.55,8.0,0.0
2026-04-11,10,3,69.84,20.0,0.0
2026-04-11,10,4,22.19,7.0,0.0
2026-04-11,10,5,73.44,3.0,0.0
2026-04-11,11,1,162.75,15.0,0.0
2026-04-11,11,2,108.45,6.0,0.0
2026-04-11,11,3,385.45,15.0,350.0
2026-04-11,11,4,112.35,8.0,0.0
2026-04-11,11,5,52.79,4.0,0.0
2026-04-11,12,1,111.46,12.0,0.0
2026-04-11,12,2,157.57,8.0,0.0
2026-04-11,12,3,323.83,15.0,0.0
2026-04-11,12,4,84.03,8.0,0.0
2026-04-11,12,5,39.54,3.0,0.0
2026-04-11,13,1,176.99,13.0,0.0
2026-04-11,13,2,136.74,7.0,0.0
2026-04-11,13,3,344.08,23.0,0.0
2026-04-11,13,4,97.34,7.0,0.0
2026-04-11,13,5,75.55,4.0,0.0
2026-04-11,14,1,221.18,8.0,0.0
2026-04-11,14,2,135.33,6.0,0.0
2026-04-11,14,3,229.34,16.0,0.0
2026-04-11,14,4,52.61,4.0,0.0
2026-04-11,14,5,89.67,6.0,0.0
2026-04-11,15,1,217.4,18.0,210.0
2026-04-11,15,2,150.98,10.0,0.0
2026-04-11,15,3,260.53,25.0,0.0
2026-04-11,15,4,26.27,9.0,0.0
2026-04-11,15,5,16.26,7.0,0.0
2026-04-11,16,1,35.27,13.0,0.0
2026-04-11,16,2,101.46,5.0,0.0
2026-04-11,16,3,236.64,31.0,0.0
2026-04-11,16,4,84.4,6.0,0.0
2026-04-11,16,5,81.59,6.0,70.0
2026-04-12,2,1,151.89,42.0,0.0
2026-04-12,2,2,174.0,33.0,0.0
2026-04-12,2,3,293.25,55.0,0.0
2026-04-12,2,4,113.0,30.0,0.0
2026-04-12,2,5,94.0,16.0,0.0
2026-04-12,3,1,262.9,46.0,0.0
2026-04-12,3,2,202.0,19.0,0.0
2026-04-12,3,3,428.55,61.0,0.0
2026-04-12,3,4,123.0,16.0,0.0
2026-04-12,3,5,127.0,14.0,0.0
2026-04-12,4,1,259.5,33.0,0.0
2026-04-12,4,2,143.0,30.0,0.0
2026-04-12,4,3,364.46,62.0,0.0
2026-04-12,4,4,150.22,18.0,0.0
2026-04-12,4,5,92.0,25.0,0.0
2026-04-12,5,1,209.99,14.0,0.0
2026-04-12,5,2,88.52,14.0,0.0
2026-04-12,5,3,345.71,19.0,0.0
2026-04-12,5,4,132.23,3.0,112.0
2026-04-12,5,5,87.68,4.0,0.0
2026-04-12,6,1,235.98,12.0,210.0
2026-04-12,6,2,122.12,3.0,0.0
2026-04-12,6,3,352.53,16.0,0.0
2026-04-12,6,4,62.83,3.0,0.0
2026-04-12,6,5,48.01,3.0,0.0
2026-04-12,7,1,209.18,8.0,0.0
2026-04-12,7,2,93.98,7.0,0.0
2026-04-12,7,3,332.92,24.0,0.0
2026-04-12,7,4,136.84,5.0,112.0
2026-04-12,7,5,80.22,6.0,0.0
2026-04-12,8,1,207.13,18.0,0.0
2026-04-12,8,2,145.14,17.0,0.0
2026-04-12,8,3,242.19,22.0,0.0
2026-04-12,8,4,61.73,7.0,0.0
2026-04-12,8,5,68.29,4.0,0.0
2026-04-12,9,1,140.53,14.0,0.0
2026-04-12,9,2,154.6,12.0,0.0
2026-04-12,9,3,365.35,23.0,350.0
2026-04-12,9,4,110.1,6.0,0.0
2026-04-12,9,5,52.04,4.0,0.0
2026-04-12,10,1,203.55,14.0,0.0
2026-04-12,10,2,131.55,7.0,0.0
2026-04-12,10,3,47.84,22.0,0.0
2026-04-12,10,4,133.19,1.0,112.0
2026-04-12,10,5,69.44,4.0,0.0
2026-04-12,11,1,147.75,15.0,0.0
2026-04-12,11,2,95.45,13.0,0.0
2026-04-12,11,3,365.45,20.0,0.0
2026-04-12,11,4,105.35,7.0,0.0
2026-04-12,11,5,48.79,4.0,0.0
2026-04-12,12,1,97.46,14.0,0.0
2026-04-12,12,2,149.57,8.0,0.0
2026-04-12,12,3,307.83,16.0,0.0
2026-04-12,12,4,75.03,9.0,0.0
2026-04-12,12,5,34.54,5.0,0.0
2026-04-12,13,1,163.99,13.0,0.0
2026-04-12,13,2,128.74,8.0,0.0
2026-04-12,13,3,316.08,28.0,0.0
2026-04-12,13,4,89.34,8.0,0.0
2026-04-12,13,5,69.55,6.0,0.0
2026-04-12,14,1,200.18,21.0,0.0
2026-04-12,14,2,129.33,6.0,0.0
2026-04-12,14,3,215.34,14.0,0.0
2026-04-12,14,4,41.61,11.0,0.0
2026-04-12,14,5,79.67,10.0,0.0
2026-04-12,15,1,205.4,12.0,0.0
2026-04-12,15,2,146.98,4.0,0.0
2026-04-12,15,3,227.53,33.0,0.0
2026-04-12,15,4,15.27,11.0,0.0
2026-04-12,15,5,77.26,9.0,70.0
2026-04-12,16,1,25.27,10.0,0.0
2026-04-12,16,2,88.46,13.0,0.0
2026-04-12,16,3,210.64,26.0,0.0
2026-04-12,16,4,78.4,6.0,0.0
2026-04-12,16,5,76.59,5.0,0.0
2026-04-13,2,1,103.89,48.0,0.0
2026-04-13,2,2,145.0,29.0,0.0
2026-04-13,2,3,220.25,73.0,0.0
2026-04-13,2,4,92.0,21.0,0.0
2026-04-13,2,5,75.0,19.0,0.0
2026-04-13,3,1,222.9,40.0,0.0
2026-04-13,3,2,174.0,28.0,0.0
2026-04-13,3,3,356.55,72.0,0.0
2026-04-13,3,4,96.0,27.0,0.0
2026-04-13,3,5,109.0,18.0,0.0
2026-04-13,4,1,203.5,56.0,0.0
2026-04-13,4,2,113.0,30.0,0.0
2026-04-13,4,3,273.46,91.0,0.0
2026-04-13,4,4,129.22,21.0,0.0
2026-04-13,4,5,75.0,17.0,0.0
2026-04-13,5,1,190.99,19.0,0.0
2026-04-13,5,2,72.52,16.0,0.0
2026-04-13,5,3,332.71,13.0,0.0
2026-04-13,5,4,124.23,8.0,0.0
2026-04-13,5,5,83.68,4.0,0.0
2026-04-13,6,1,217.98,18.0,0.0
2026-04-13,6,2,110.12,12.0,0.0
2026-04-13,6,3,324.53,28.0,0.0
2026-04-13,6,4,54.83,8.0,0.0
2026-04-13,6,5,44.01,4.0,0.0
2026-04-13,7,1,200.18,9.0,0.0
2026-04-13,7,2,86.98,7.0,0.0
2026-04-13,7,3,304.92,28.0,0.0
2026-04-13,7,4,126.84,10.0,0.0
2026-04-13,7,5,73.22,7.0,0.0
2026-04-13,8,1,193.13,14.0,0.0
2026-04-13,8,2,131.14,14.0,0.0
2026-04-13,8,3,214.19,28.0,0.0
2026-04-13,8,4,47.73,14.0,0.0
2026-04-13,8,5,62.29,6.0,0.0
2026-04-13,9,1,123.53,17.0,0.0
2026-04-13,9,2,143.6,11.0,0.0
2026-04-13,9,3,342.35,23.0,0.0
2026-04-13,9,4,98.1,12.0,0.0
2026-04-13,9,5,46.04,6.0,0.0
2026-04-13,10,1,188.55,15.0,0.0
2026-04-13,10,2,117.55,14.0,0.0
2026-04-13,10,3,370.84,27.0,350.0
2026-04-13,10,4,124.19,9.0,0.0
2026-04-13,10,5,63.44,6.0,0.0
2026-04-13,11,1,129.75,18.0,0.0
2026-04-13,11,2,84.45,11.0,0.0
2026-04-13,11,3,332.45,33.0,0.0
2026-04-13,11,4,97.35,8.0,0.0
2026-04-13,11,5,45.79,3.0,0.0
2026-04-13,12,1,77.46,20.0,0.0
2026-04-13,12,2,137.57,12.0,0.0
2026-04-13,12,3,283.83,24.0,0.0
2026-04-13,12,4,66.03,9.0,0.0
2026-04-13,12,5,28.54,6.0,0.0
2026-04-13,13,1,155.99,8.0,0.0
2026-04-13,13,2,121.74,7.0,0.0
2026-04-13,13,3,289.08,27.0,0.0
2026-04-13,13,4,85.34,4.0,0.0
2026-04-13,13,5,65.55,4.0,0.0
2026-04-13,14,1,184.18,16.0,0.0
2026-04-13,14,2,115.33,14.0,0.0
2026-04-13,14,3,186.34,29.0,0.0
2026-04-13,14,4,27.61,14.0,0.0
2026-04-13,14,5,72.67,7.0,0.0
2026-04-13,15,1,188.4,17.0,0.0
2026-04-13,15,2,138.98,8.0,0.0
2026-04-13,15,3,193.53,34.0,0.0
2026-04-13,15,4,118.27,9.0,112.0
2026-04-13,15,5,69.26,8.0,0.0
2026-04-13,16,1,223.27,12.0,210.0
2026-04-13,16,2,83.46,5.0,0.0
2026-04-13,16,3,179.64,31.0,0.0
2026-04-13,16,4,68.4,10.0,0.0
2026-04-13,16,5,73.59,3.0,0.0
2026-04-14,2,1,701.89,32.0,630.0
2026-04-14,2,2,116.0,29.0,0.0
2026-04-14,2,3,149.25,71.0,0.0
2026-04-14,2,4,67.0,25.0,0.0
2026-04-14,2,5,61.0,14.0,0.0
2026-04-14,3,1,180.9,42.0,0.0
2026-04-14,3,2,143.0,31.0,0.0
2026-04-14,3,3,265.55,91.0,0.0
2026-04-14,3,4,79.0,17.0,0.0
2026-04-14,3,5,99.0,10.0,0.0
2026-04-14,4,1,156.5,47.0,0.0
2026-04-14,4,2,493.0,40.0,420.0
2026-04-14,4,3,181.46,92.0,0.0
2026-04-14,4,4,96.22,33.0,0.0
2026-04-14,4,5,60.0,15.0,0.0
2026-04-14,5,1,178.99,12.0,0.0
2026-04-14,5,2,57.52,15.0,0.0
2026-04-14,5,3,306.71,26.0,0.0
2026-04-14,5,4,118.23,6.0,0.0
2026-04-14,5,5,80.68,3.0,0.0
2026-04-14,6,1,206.98,11.0,0.0
2026-04-14,6,2,104.12,6.0,0.0
2026-04-14,6,3,296.53,28.0,0.0
2026-04-14,6,4,44.83,10.0,0.0
2026-04-14,6,5,42.01,2.0,0.0
2026-04-14,7,1,183.18,17.0,0.0
2026-04-14,7,2,74.98,12.0,0.0
2026-04-14,7,3,277.92,27.0,0.0
2026-04-14,7,4,119.84,7.0,0.0
2026-04-14,7,5,68.22,5.0,0.0
2026-04-14,8,1,176.13,17.0,0.0
2026-04-14,8,2,119.14,12.0,0.0
2026-04-14,8,3,187.19,27.0,0.0
2026-04-14,8,4,37.73,10.0,0.0
2026-04-14,8,5,58.29,4.0,0.0
2026-04-14,9,1,110.53,13.0,0.0
2026-04-14,9,2,132.6,11.0,0.0
2026-04-14,9,3,321.35,21.0,0.0
2026-04-14,9,4,92.1,6.0,0.0
2026-04-14,9,5,45.04,1.0,0.0
2026-04-14,10,1,174.55,14.0,0.0
2026-04-14,10,2,108.55,9.0,0.0
2026-04-14,10,3,340.84,30.0,0.0
2026-04-14,10,4,117.19,7.0,0.0
2026-04-14,10,5,53.44,10.0,0.0
2026-04-14,11,1,107.75,22.0,0.0
2026-04-14,11,2,80.45,4.0,0.0
2026-04-14,11,3,305.45,27.0,0.0
2026-04-14,11,4,92.35,5.0,0.0
2026-04-14,11,5,38.79,7.0,0.0
2026-04-14,12,1,67.46,10.0,0.0
2026-04-14,12,2,132.57,5.0,0.0
2026-04-14,12,3,261.83,22.0,0.0
2026-04-14,12,4,54.03,12.0,0.0
2026-04-14,12,5,27.54,1.0,0.0
2026-04-14,13,1,143.99,12.0,0.0
2026-04-14,13,2,112.74,9.0,0.0
2026-04-14,13,3,262.08,27.0,0.0
2026-04-14,13,4,77.34,8.0,0.0
2026-04-14,13,5,59.55,6.0,0.0
2026-04-14,14,1,171.18,13.0,0.0
2026-04-14,14,2,105.33,10.0,0.0
2026-04-14,14,3,156.34,30.0,0.0
2026-04-14,14,4,18.61,9.0,0.0
2026-04-14,14,5,63.67,9.0,0.0
2026-04-14,15,1,171.4,17.0,0.0
2026-04-14,15,2,131.98,7.0,0.0
2026-04-14,15,3,168.53,25.0,0.0
2026-04-14,15,4,111.27,7.0,0.0
2026-04-14,15,5,60.26,9.0,0.0
2026-04-14,16,1,202.27,21.0,0.0
2026-04-14,16,2,77.46,6.0,0.0
2026-04-14,16,3,147.64,32.0,0.0
2026-04-14,16,4,55.4,13.0,0.0
2026-04-14,16,5,68.59,5.0,0.0
2026-04-15,2,1,659.89,42.0,0.0
2026-04-15,2,2,84.0,32.0,0.0
2026-04-15,2,3,1116.25,83.0,1050.0
2026-04-15,2,4,386.0,17.0,336.0
2026-04-15,2,5,47.0,14.0,0.0
2026-04-15,3,1,134.9,46.0,0.0
2026-04-15,3,2,101.0,42.0,0.0
2026-04-15,3,3,188.55,77.0,0.0
2026-04-15,3,4,398.0,17.0,336.0
2026-04-15,3,5,77.0,22.0,0.0
2026-04-15,4,1,104.5,52.0,0.0
2026-04-15,4,2,468.0,25.0,0.0
2026-04-15,4,3,74.46,107.0,0.0
2026-04-15,4,4,69.22,27.0,0.0
2026-04-15,4,5,35.0,25.0,0.0
2026-04-15,5,1,167.99,11.0,0.0
2026-04-15,5,2,47.52,10.0,0.0
2026-04-15,5,3,280.71,26.0,0.0
2026-04-15,5,4,114.23,4.0,0.0
2026-04-15,5,5,74.68,6.0,0.0
2026-04-15,6,1,191.98,15.0,0.0
2026-04-15,6,2,90.12,14.0,0.0
2026-04-15,6,3,268.53,28.0,0.0
2026-04-15,6,4,36.83,8.0,0.0
2026-04-15,6,5,34.01,8.0,0.0
2026-04-15,7,1,164.18,19.0,0.0
2026-04-15,7,2,58.98,16.0,0.0
2026-04-15,7,3,253.92,24.0,0.0
2026-04-15,7,4,109.84,10.0,0.0
2026-04-15,7,5,63.22,5.0,0.0
2026-04-15,8,1,157.13,19.0,0.0
2026-04-15,8,2,109.14,10.0,0.0
2026-04-15,8,3,165.19,22.0,0.0
2026-04-15,8,4,29.73,8.0,0.0
2026-04-15,8,5,52.29,6.0,0.0
2026-04-15,9,1,89.53,21.0,0.0
2026-04-15,9,2,122.6,10.0,0.0
2026-04-15,9,3,290.35,31.0,0.0
2026-04-15,9,4,85.1,7.0,0.0
2026-04-15,9,5,41.04,4.0,0.0
2026-04-15,10,1,158.55,16.0,0.0
2026-04-15,10,2,92.55,16.0,0.0
2026-04-15,10,3,308.84,32.0,0.0
2026-04-15,10,4,111.19,6.0,0.0
2026-04-15,10,5,47.44,6.0,0.0
2026-04-15,11,1,93.75,14.0,0.0
2026-04-15,11,2,71.45,9.0,0.0
2026-04-15,11,3,273.45,32.0,0.0
2026-04-15,11,4,86.35,6.0,0.0
2026-04-15,11,5,35.79,3.0,0.0
2026-04-15,12,1,56.46,11.0,0.0
2026-04-15,12,2,123.57,9.0,0.0
2026-04-15,12,3,242.83,19.0,0.0
2026-04-15,12,4,45.03,9.0,0.0
2026-04-15,12,5,24.54,3.0,0.0
2026-04-15,13,1,133.99,10.0,0.0
2026-04-15,13,2,104.74,8.0,0.0
2026-04-15,13,3,236.08,26.0,0.0
2026-04-15,13,4,72.34,5.0,0.0
2026-04-15,13,5,56.55,3.0,0.0
2026-04-15,14,1,151.18,20.0,0.0
2026-04-15,14,2,96.33,9.0,0.0
2026-04-15,14,3,121.34,35.0,0.0
2026-04-15,14,4,15.61,3.0,0.0
2026-04-15,14,5,56.67,7.0,0.0
2026-04-15,15,1,161.4,10.0,0.0
2026-04-15,15,2,120.98,11.0,0.0
2026-04-15,15,3,142.53,26.0,0.0
2026-04-15,15,4,105.27,6.0,0.0
2026-04-15,15,5,54.26,6.0,0.0
2026-04-15,16,1,181.27,21.0,0.0
2026-04-15,16,2,68.46,9.0,0.0
2026-04-15,16,3,124.64,23.0,0.0
2026-04-15,16,4,51.4,4.0,0.0
2026-04-15,16,5,60.59,8.0,0.0
2026-04-16,2,1,614.89,45.0,0.0
2026-04-16,2,2,475.0,29.0,420.0
2026-04-16,2,3,1036.25,80.0,0.0
2026-04-16,2,4,365.0,21.0,0.0
2026-04-16,2,5,244.0,13.0,210.0
2026-04-16,3,1,93.9,41.0,0.0
2026-04-16,3,2,495.0,26.0,420.0
2026-04-16,3,3,124.55,64.0,0.0
2026-04-16,3,4,371.0,27.0,0.0
2026-04-16,3,5,64.0,13.0,0.0
2026-04-16,4,1,43.5,61.0,0.0
2026-04-16,4,2,432.0,36.0,0.0
2026-04-16,4,3,1023.46,101.0,1050.0
2026-04-16,4,4,44.22,25.0,0.0
2026-04-16,4,5,221.0,24.0,210.0
2026-04-16,5,1,154.99,13.0,0.0
2026-04-16,5,2,41.52,6.0,0.0
2026-04-16,5,3,257.71,23.0,0.0
2026-04-16,5,4,107.23,7.0,0.0
2026-04-16,5,5,68.68,6.0,0.0
2026-04-16,6,1,181.98,10.0,0.0
2026-04-16,6,2,81.12,9.0,0.0
2026-04-16,6,3,245.53,23.0,0.0
2026-04-16,6,4,27.83,9.0,0.0
2026-04-16,6,5,29.01,5.0,0.0
2026-04-16,7,1,144.18,20.0,0.0
2026-04-16,7,2,44.98,14.0,0.0
2026-04-16,7,3,229.92,24.0,0.0
2026-04-16,7,4,102.84,7.0,0.0
2026-04-16,7,5,51.22,12.0,0.0
2026-04-16,8,1,146.13,11.0,0.0
2026-04-16,8,2,98.14,11.0,0.0
2026-04-16,8,3,135.19,30.0,0.0
2026-04-16,8,4,23.73,6.0,0.0
2026-04-16,8,5,47.29,5.0,0.0
2026-04-16,9,1,76.53,13.0,0.0
2026-04-16,9,2,114.6,8.0,0.0
2026-04-16,9,3,271.35,19.0,0.0
2026-04-16,9,4,74.1,11.0,0.0
2026-04-16,9,5,38.04,3.0,0.0
2026-04-16,10,1,144.55,14.0,0.0
2026-04-16,10,2,82.55,10.0,0.0
2026-04-16,10,3,284.84,24.0,0.0
2026-04-16,10,4,105.19,6.0,0.0
2026-04-16,10,5,42.44,5.0,0.0
2026-04-16,11,1,74.75,19.0,0.0
2026-04-16,11,2,64.45,7.0,0.0
2026-04-16,11,3,249.45,24.0,0.0
2026-04-16,11,4,80.35,6.0,0.0
2026-04-16,11,5,30.79,5.0,0.0
2026-04-16,12,1,43.46,13.0,0.0
2026-04-16,12,2,109.57,14.0,0.0
2026-04-16,12,3,216.83,26.0,0.0
2026-04-16,12,4,40.03,5.0,0.0
2026-04-16,12,5,90.54,4.0,70.0
2026-04-16,13,1,116.99,17.0,0.0
2026-04-16,13,2,92.74,12.0,0.0
2026-04-16,13,3,208.08,28.0,0.0
2026-04-16,13,4,67.34,5.0,0.0
2026-04-16,13,5,49.55,7.0,0.0
2026-04-16,14,1,129.18,22.0,0.0
2026-04-16,14,2,90.33,6.0,0.0
2026-04-16,14,3,94.34,27.0,0.0
2026-04-16,14,4,120.61,7.0,112.0
2026-04-16,14,5,46.67,10.0,0.0
2026-04-16,15,1,143.4,18.0,0.0
2026-04-16,15,2,112.98,8.0,0.0
2026-04-16,15,3,115.53,27.0,0.0
2026-04-16,15,4,103.27,2.0,0.0
2026-04-16,15,5,47.26,7.0,0.0
2026-04-16,16,1,160.27,21.0,0.0
2026-04-16,16,2,54.46,14.0,0.0
2026-04-16,16,3,95.64,29.0,0.0
2026-04-16,16,4,37.4,14.0,0.0
2026-04-16,16,5,55.59,5.0,0.0
2026-04-17,2,1,565.89,49.0,0.0
2026-04-17,2,2,450.0,25.0,0.0
2026-04-17,2,3,966.25,70.0,0.0
2026-04-17,2,4,341.0,24.0,0.0
2026-04-17,2,5,233.0,11.0,0.0
2026-04-17,3,1,681.9,42.0,630.0
2026-04-17,3,2,468.0,27.0,0.0
2026-04-17,3,3,1116.55,58.0,1050.0
2026-04-17,3,4,345.0,26.0,0.0
2026-04-17,3,5,263.0,11.0,210.0
2026-04-17,4,1,607.5,66.0,630.0
2026-04-17,4,2,407.0,25.0,0.0
2026-04-17,4,3,907.46,116.0,0.0
2026-04-17,4,4,352.22,28.0,336.0
2026-04-17,4,5,194.0,27.0,0.0
2026-04-17,5,1,136.99,18.0,0.0
2026-04-17,5,2,26.52,15.0,0.0
2026-04-17,5,3,239.71,18.0,0.0
2026-04-17,5,4,101.23,6.0,0.0
2026-04-17,5,5,60.68,8.0,0.0
2026-04-17,6,1,167.98,14.0,0.0
2026-04-17,6,2,69.12,12.0,0.0
2026-04-17,6,3,221.53,24.0,0.0
2026-04-17,6,4,20.83,7.0,0.0
2026-04-17,6,5,25.01,4.0,0.0
2026-04-17,7,1,127.18,17.0,0.0
2026-04-17,7,2,33.98,11.0,0.0
2026-04-17,7,3,208.92,21.0,0.0
2026-04-17,7,4,93.84,9.0,0.0
2026-04-17,7,5,50.22,1.0,0.0
2026-04-17,8,1,133.13,13.0,0.0
2026-04-17,8,2,90.14,8.0,0.0
2026-04-17,8,3,110.19,25.0,0.0
2026-04-17,8,4,125.73,10.0,112.0
2026-04-17,8,5,43.29,4.0,0.0
2026-04-17,9,1,56.53,20.0,0.0
2026-04-17,9,2,106.6,8.0,0.0
2026-04-17,9,3,240.35,31.0,0.0
2026-04-17,9,4,68.1,6.0,0.0
2026-04-17,9,5,31.04,7.0,0.0
2026-04-17,10,1,132.55,12.0,0.0
2026-04-17,10,2,76.55,6.0,0.0
2026-04-17,10,3,258.84,26.0,0.0
2026-04-17,10,4,97.19,8.0,0.0
2026-04-17,10,5,38.44,4.0,0.0
2026-04-17,11,1,57.75,17.0,0.0
2026-04-17,11,2,54.45,10.0,0.0
2026-04-17,11,3,224.45,25.0,0.0
2026-04-17,11,4,70.35,10.0,0.0
2026-04-17,11,5,22.79,8.0,0.0
2026-04-17,12,1,238.46,15.0,210.0
2026-04-17,12,2,93.57,16.0,0.0
2026-04-17,12,3,194.83,22.0,0.0
2026-04-17,12,4,30.03,10.0,0.0
2026-04-17,12,5,88.54,2.0,0.0
2026-04-17,13,1,96.99,20.0,0.0
2026-04-17,13,2,86.74,6.0,0.0
2026-04-17,13,3,188.08,20.0,0.0
2026-04-17,13,4,59.34,8.0,0.0
2026-04-17,13,5,46.55,3.0,0.0
2026-04-17,14,1,106.18,23.0,0.0
2026-04-17,14,2,79.33,11.0,0.0
2026-04-17,14,3,56.34,38.0,0.0
2026-04-17,14,4,112.61,8.0,0.0
2026-04-17,14,5,37.67,9.0,0.0
2026-04-17,15,1,133.4,10.0,0.0
2026-04-17,15,2,106.98,6.0,0.0
2026-04-17,15,3,85.53,30.0,0.0
2026-04-17,15,4,97.27,6.0,0.0
2026-04-17,15,5,37.26,10.0,0.0
2026-04-17,16,1,142.27,18.0,0.0
2026-04-17,16,2,45.46,9.0,0.0
2026-04-17,16,3,70.64,25.0,0.0
2026-04-17,16,4,24.4,13.0,0.0
2026-04-17,16,5,49.59,6.0,0.0
2026-04-18,2,1,520.89,45.0,0.0
2026-04-18,2,2,424.0,26.0,0.0
2026-04-18,2,3,884.25,82.0,0.0
2026-04-18,2,4,317.0,24.0,0.0
2026-04-18,2,5,228.0,5.0,0.0
2026-04-18,3,1,644.9,37.0,0.0
2026-04-18,3,2,447.0,21.0,0.0
2026-04-18,3,3,1064.55,52.0,0.0
2026-04-18,3,4,323.0,22.0,0.0
2026-04-18,3,5,253.0,10.0,0.0
2026-04-18,4,1,549.5,58.0,0.0
2026-04-18,4,2,382.0,25.0,0.0
2026-04-18,4,3,847.46,60.0,0.0
2026-04-18,4,4,334.22,18.0,0.0
2026-04-18,4,5,170.0,24.0,0.0
2026-04-18,5,1,127.99,9.0,0.0
2026-04-18,5,2,161.52,5.0,140.0
2026-04-18,5,3,217.71,22.0,0.0
2026-04-18,5,4,95.23,6.0,0.0
2026-04-18,5,5,56.68,4.0,0.0
2026-04-18,6,1,152.98,15.0,0.0
2026-04-18,6,2,57.12,12.0,0.0
2026-04-18,6,3,201.53,20.0,0.0
2026-04-18,6,4,129.83,3.0,112.0
2026-04-18,6,5,90.01,5.0,70.0
2026-04-18,7,1,112.18,15.0,0.0
2026-04-18,7,2,22.98,11.0,0.0
2026-04-18,7,3,190.92,18.0,0.0
2026-04-18,7,4,86.84,7.0,0.0
2026-04-18,7,5,47.22,3.0,0.0
2026-04-18,8,1,119.13,14.0,0.0
2026-04-18,8,2,84.14,6.0,0.0
2026-04-18,8,3,74.19,36.0,0.0
2026-04-18,8,4,119.73,6.0,0.0
2026-04-18,8,5,37.29,6.0,0.0
2026-04-18,9,1,49.53,7.0,0.0
2026-04-18,9,2,102.6,4.0,0.0
2026-04-18,9,3,220.35,20.0,0.0
2026-04-18,9,4,61.1,7.0,0.0
2026-04-18,9,5,23.04,8.0,0.0
2026-04-18,10,1,119.55,13.0,0.0
2026-04-18,10,2,65.55,11.0,0.0
2026-04-18,10,3,242.84,16.0,0.0
2026-04-18,10,4,90.19,7.0,0.0
2026-04-18,10,5,36.44,2.0,0.0
2026-04-18,11,1,42.75,15.0,0.0
2026-04-18,11,2,48.45,6.0,0.0
2026-04-18,11,3,197.45,27.0,0.0
2026-04-18,11,4,66.35,4.0,0.0
2026-04-18,11,5,17.79,5.0,0.0
2026-04-18,12,1,225.46,13.0,0.0
2026-04-18,12,2,84.57,9.0,0.0
2026-04-18,12,3,174.83,20.0,0.0
2026-04-18,12,4,28.03,2.0,0.0
2026-04-18,12,5,80.54,8.0,0.0
2026-04-18,13,1,91.99,5.0,0.0
2026-04-18,13,2,78.74,8.0,0.0
2026-04-18,13,3,164.08,24.0,0.0
2026-04-18,13,4,51.34,8.0,0.0
2026-04-18,13,5,42.55,4.0,0.0
2026-04-18,14,1,87.18,19.0,0.0
2026-04-18,14,2,69.33,10.0,0.0
2026-04-18,14,3,32.34,24.0,0.0
2026-04-18,14,4,99.61,13.0,0.0
2026-04-18,14,5,31.67,6.0,0.0
2026-04-18,15,1,114.4,19.0,0.0
2026-04-18,15,2,97.98,9.0,0.0
2026-04-18,15,3,58.53,27.0,0.0
2026-04-18,15,4,92.27,5.0,0.0
2026-04-18,15,5,31.26,6.0,0.0
2026-04-18,16,1,126.27,16.0,0.0
2026-04-18,16,2,36.46,9.0,0.0
2026-04-18,16,3,52.64,18.0,0.0
2026-04-18,16,4,16.4,8.0,0.0
2026-04-18,16,5,47.59,2.0,0.0
2026-04-19,2,1,472.89,48.0,0.0
2026-04-19,2,2,395.0,29.0,0.0
2026-04-19,2,3,823.25,61.0,0.0
2026-04-19,2,4,300.0,17.0,0.0
2026-04-19,2,5,218.0,10.0,0.0
2026-04-19,3,1,611.9,33.0,0.0
2026-04-19,3,2,421.0,26.0,0.0
2026-04-19,3,3,999.55,65.0,0.0
2026-04-19,3,4,304.0,19.0,0.0
2026-04-19,3,5,238.0,15.0,0.0
2026-04-19,4,1,500.5,49.0,0.0
2026-04-19,4,2,353.0,29.0,0.0
2026-04-19,4,3,762.46,85.0,0.0
2026-04-19,4,4,313.22,21.0,0.0
2026-04-19,4,5,157.0,13.0,0.0
2026-04-19,5,1,117.99,10.0,0.0
2026-04-19,5,2,153.52,8.0,0.0
2026-04-19,5,3,200.71,17.0,0.0
2026-04-19,5,4,90.23,5.0,0.0
2026-04-19,5,5,53.68,3.0,0.0
2026-04-19,6,1,138.98,14.0,0.0
2026-04-19,6,2,48.12,9.0,0.0
2026-04-19,6,3,184.53,17.0,0.0
2026-04-19,6,4,122.83,7.0,0.0
2026-04-19,6,5,78.01,12.0,0.0
2026-04-19,7,1,104.18,8.0,0.0
2026-04-19,7,2,154.98,8.0,140.0
2026-04-19,7,3,171.92,19.0,0.0
2026-04-19,7,4,71.84,15.0,0.0
2026-04-19,7,5,42.22,5.0,0.0
2026-04-19,8,1,102.13,17.0,0.0
2026-04-19,8,2,80.14,4.0,0.0
2026-04-19,8,3,50.19,24.0,0.0
2026-04-19,8,4,116.73,3.0,0.0
2026-04-19,8,5,31.29,6.0,0.0
2026-04-19,9,1,39.53,10.0,0.0
2026-04-19,9,2,96.6,6.0,0.0
2026-04-19,9,3,196.35,24.0,0.0
2026-04-19,9,4,52.1,9.0,0.0
2026-04-19,9,5,90.04,3.0,70.0
2026-04-19,10,1,100.55,19.0,0.0
2026-04-19,10,2,58.55,7.0,0.0
2026-04-19,10,3,222.84,20.0,0.0
2026-04-19,10,4,86.19,4.0,0.0
2026-04-19,10,5,31.44,5.0,0.0
2026-04-19,11,1,31.75,11.0,0.0
2026-04-19,11,2,42.45,6.0,0.0
2026-04-19,11,3,180.45,17.0,0.0
2026-04-19,11,4,57.35,9.0,0.0
2026-04-19,11,5,85.79,2.0,70.0
2026-04-19,12,1,209.46,16.0,0.0
2026-04-19,12,2,75.57,9.0,0.0
2026-04-19,12,3,149.83,25.0,0.0
2026-04-19,12,4,138.03,2.0,112.0
2026-04-19,12,5,75.54,5.0,0.0
2026-04-19,13,1,79.99,12.0,0.0
2026-04-19,13,2,70.74,8.0,0.0
2026-04-19,13,3,145.08,19.0,0.0
2026-04-19,13,4,51.34,0.0,0.0
2026-04-19,13,5,39.55,3.0,0.0
2026-04-19,14,1,68.18,19.0,0.0
2026-04-19,14,2,55.33,14.0,0.0
2026-04-19,14,3,348.34,34.0,350.0
2026-04-19,14,4,92.61,7.0,0.0
2026-04-19,14,5,27.67,4.0,0.0
2026-04-19,15,1,98.4,16.0,0.0
2026-04-19,15,2,90.98,7.0,0.0
2026-04-19,15,3,30.53,28.0,0.0
2026-04-19,15,4,85.27,7.0,0.0
2026-04-19,15,5,23.26,8.0,0.0
2026-04-19,16,1,115.27,11.0,0.0
2026-04-19,16,2,25.46,11.0,0.0
2026-04-19,16,3,375.64,27.0,350.0
2026-04-19,16,4,9.4,7.0,0.0
2026-04-19,16,5,37.59,10.0,0.0
2026-04-20,2,1,423.89,49.0,0.0
2026-04-20,2,2,362.0,33.0,0.0
2026-04-20,2,3,750.25,73.0,0.0
2026-04-20,2,4,271.0,29.0,0.0
2026-04-20,2,5,207.0,11.0,0.0
2026-04-20,3,1,574.9,37.0,0.0
2026-04-20,3,2,390.0,31.0,0.0
2026-04-20,3,3,935.55,64.0,0.0
2026-04-20,3,4,284.0,20.0,0.0
2026-04-20,3,5,216.0,22.0,0.0
2026-04-20,4,1,428.5,72.0,0.0
2026-04-20,4,2,323.0,30.0,0.0
2026-04-20,4,3,650.46,112.0,0.0
2026-04-20,4,4,292.22,21.0,0.0
2026-04-20,4,5,126.0,31.0,0.0
2026-04-20,5,1,103.99,14.0,0.0
2026-04-20,5,2,145.52,8.0,0.0
2026-04-20,5,3,172.71,28.0,0.0
2026-04-20,5,4,81.23,9.0,0.0
2026-04-20,5,5,48.68,5.0,0.0
2026-04-20,6,1,117.98,21.0,0.0
2026-04-20,6,2,37.12,11.0,0.0
2026-04-20,6,3,165.53,19.0,0.0
2026-04-20,6,4,116.83,6.0,0.0
2026-04-20,6,5,72.01,6.0,0.0
2026-04-20,7,1,95.18,9.0,0.0
2026-04-20,7,2,145.98,9.0,0.0
2026-04-20,7,3,143.92,28.0,0.0
2026-04-20,7,4,61.84,10.0,0.0
2026-04-20,7,5,32.22,10.0,0.0
2026-04-20,8,1,86.13,16.0,0.0
2026-04-20,8,2,68.14,12.0,0.0
2026-04-20,8,3,378.19,22.0,350.0
2026-04-20,8,4,110.73,6.0,0.0
2026-04-20,8,5,24.29,7.0,0.0
2026-04-20,9,1,230.53,19.0,210.0
2026-04-20,9,2,85.6,11.0,0.0
2026-04-20,9,3,178.35,18.0,0.0
2026-04-20,9,4,42.1,10.0,0.0
2026-04-20,9,5,87.04,3.0,0.0
2026-04-20,10,1,87.55,13.0,0.0
2026-04-20,10,2,49.55,9.0,0.0
2026-04-20,10,3,199.84,23.0,0.0
2026-04-20,10,4,70.19,16.0,0.0
2026-04-20,10,5,28.44,3.0,0.0
2026-04-20,11,1,224.75,17.0,210.0
2026-04-20,11,2,175.45,7.0,140.0
2026-04-20,11,3,159.45,21.0,0.0
2026-04-20,11,4,50.35,7.0,0.0
2026-04-20,11,5,83.79,2.0,0.0
2026-04-20,12,1,196.46,13.0,0.0
2026-04-20,12,2,69.57,6.0,0.0
2026-04-20,12,3,123.83,26.0,0.0
2026-04-20,12,4,130.03,8.0,0.0
2026-04-20,12,5,74.54,1.0,0.0
2026-04-20,13,1,58.99,21.0,0.0
2026-04-20,13,2,64.74,6.0,0.0
2026-04-20,13,3,113.08,32.0,0.0
2026-04-20,13,4,42.34,9.0,0.0
2026-04-20,13,5,33.55,6.0,0.0
2026-04-20,14,1,52.18,16.0,0.0
2026-04-20,14,2,48.33,7.0,0.0
2026-04-20,14,3,310.34,38.0,0.0
2026-04-20,14,4,85.61,7.0,0.0
2026-04-20,14,5,20.67,7.0,0.0
2026-04-20,15,1,80.4,18.0,0.0
2026-04-20,15,2,67.98,23.0,0.0
2026-04-20,15,3,343.53,37.0,350.0
2026-04-20,15,4,76.27,9.0,0.0
2026-04-20,15,5,18.26,5.0,0.0
2026-04-20,16,1,84.27,31.0,0.0
2026-04-20,16,2,156.46,9.0,140.0
2026-04-20,16,3,350.64,25.0,0.0
2026-04-20,16,4,111.4,10.0,112.0
2026-04-20,16,5,33.59,4.0,0.0
2026-04-21,2,1,377.89,46.0,0.0
2026-04-21,2,2,339.0,23.0,0.0
2026-04-21,2,3,677.25,73.0,0.0
2026-04-21,2,4,247.0,24.0,0.0
2026-04-21,2,5,190.0,17.0,0.0
2026-04-21,3,1,525.9,49.0,0.0
2026-04-21,3,2,364.0,26.0,0.0
2026-04-21,3,3,851.55,84.0,0.0
2026-04-21,3,4,268.0,16.0,0.0
2026-04-21,3,5,202.0,14.0,0.0
2026-04-21,4,1,355.5,73.0,0.0
2026-04-21,4,2,297.0,26.0,0.0
2026-04-21,4,3,529.46,121.0,0.0
2026-04-21,4,4,264.22,28.0,0.0
2026-04-21,4,5,95.0,31.0,0.0
2026-04-21,5,1,94.99,9.0,0.0
2026-04-21,5,2,132.52,13.0,0.0
2026-04-21,5,3,140.71,32.0,0.0
2026-04-21,5,4,71.23,10.0,0.0
2026-04-21,5,5,43.68,5.0,0.0
2026-04-21,6,1,106.98,11.0,0.0
2026-04-21,6,2,21.12,16.0,0.0
2026-04-21,6,3,149.53,16.0,0.0
2026-04-21,6,4,107.83,9.0,0.0
2026-04-21,6,5,69.01,3.0,0.0
2026-04-21,7,1,81.18,14.0,0.0
2026-04-21,7,2,136.98,9.0,0.0
2026-04-21,7,3,113.92,30.0,0.0
2026-04-21,7,4,52.84,9.0,0.0
2026-04-21,7,5,21.22,11.0,0.0
2026-04-21,8,1,70.13,16.0,0.0
2026-04-21,8,2,51.14,17.0,0.0
2026-04-21,8,3,352.19,26.0,0.0
2026-04-21,8,4,98.73,12.0,0.0
2026-04-21,8,5,19.29,5.0,0.0
2026-04-21,9,1,215.53,15.0,0.0
2026-04-21,9,2,73.6,12.0,0.0
2026-04-21,9,3,153.35,25.0,0.0
2026-04-21,9,4,39.1,3.0,0.0
2026-04-21,9,5,84.04,3.0,0.0
2026-04-21,10,1,69.55,18.0,0.0
2026-04-21,10,2,38.55,11.0,0.0
2026-04-21,10,3,175.84,24.0,0.0
2026-04-21,10,4,60.19,10.0,0.0
2026-04-21,10,5,24.44,4.0,0.0
2026-04-21,11,1,204.75,20.0,0.0
2026-04-21,11,2,160.45,15.0,0.0
2026-04-21,11,3,127.45,32.0,0.0
2026-04-21,11,4,42.35,8.0,0.0
2026-04-21,11,5,80.79,3.0,0.0
2026-04-21,12,1,179.46,17.0,0.0
2026-04-21,12,2,59.57,10.0,0.0
2026-04-21,12,3,100.83,23.0,0.0
2026-04-21,12,4,122.03,8.0,0.0
2026-04-21,12,5,70.54,4.0,0.0
2026-04-21,13,1,42.99,16.0,0.0
2026-04-21,13,2,55.74,9.0,0.0
2026-04-21,13,3,84.08,29.0,0.0
2026-04-21,13,4,33.34,9.0,0.0
2026-04-21,13,5,26.55,7.0,0.0
2026-04-21,14,1,40.18,12.0,0.0
2026-04-21,14,2,37.33,11.0,0.0
2026-04-21,14,3,279.34,31.0,0.0
2026-04-21,14,4,78.61,7.0,0.0
2026-04-21,14,5,12.67,8.0,0.0
2026-04-21,15,1,60.4,20.0,0.0
2026-04-21,15,2,59.98,8.0,0.0
2026-04-21,15,3,312.53,31.0,0.0
2026-04-21,15,4,67.27,9.0,0.0
2026-04-21,15,5,17.26,1.0,0.0
2026-04-21,16,1,69.27,15.0,0.0
2026-04-21,16,2,143.46,13.0,0.0
2026-04-21,16,3,301.64,49.0,0.0
2026-04-21,16,4,105.4,6.0,0.0
2026-04-21,16,5,20.59,13.0,0.0
2026-04-22,2,1,339.89,38.0,0.0
2026-04-22,2,2,303.0,36.0,0.0
2026-04-22,2,3,613.25,64.0,0.0
2026-04-22,2,4,223.0,24.0,0.0
2026-04-22,2,5,173.0,17.0,0.0
2026-04-22,3,1,471.9,54.0,0.0
2026-04-22,3,2,330.0,34.0,0.0
2026-04-22,3,3,779.55,72.0,0.0
2026-04-22,3,4,244.0,24.0,0.0
2026-04-22,3,5,192.0,10.0,0.0
2026-04-22,4,1,290.5,65.0,0.0
2026-04-22,4,2,278.0,19.0,0.0
2026-04-22,4,3,408.46,121.0,0.0
2026-04-22,4,4,241.22,23.0,0.0
2026-04-22,4,5,57.0,38.0,0.0
2026-04-22,5,1,81.99,13.0,0.0
2026-04-22,5,2,120.52,12.0,0.0
2026-04-22,5,3,111.71,29.0,0.0
2026-04-22,5,4,63.23,8.0,0.0
2026-04-22,5,5,40.68,3.0,0.0
2026-04-22,6,1,87.98,19.0,0.0
2026-04-22,6,2,148.12,13.0,140.0
2026-04-22,6,3,122.53,27.0,0.0
2026-04-22,6,4,103.83,4.0,0.0
2026-04-22,6,5,67.01,2.0,0.0
2026-04-22,7,1,63.18,18.0,0.0
2026-04-22,7,2,124.98,12.0,0.0
2026-04-22,7,3,84.92,29.0,0.0
2026-04-22,7,4,44.84,8.0,0.0
2026-04-22,7,5,16.22,5.0,0.0
2026-04-22,8,1,58.13,12.0,0.0
2026-04-22,8,2,43.14,8.0,0.0
2026-04-22,8,3,332.19,20.0,0.0
2026-04-22,8,4,88.73,10.0,0.0
2026-04-22,8,5,88.29,1.0,70.0
2026-04-22,9,1,201.53,14.0,0.0
2026-04-22,9,2,60.6,13.0,0.0
2026-04-22,9,3,123.35,30.0,0.0
2026-04-22,9,4,28.1,11.0,0.0
2026-04-22,9,5,74.04,10.0,0.0
2026-04-22,10,1,54.55,15.0,0.0
2026-04-22,10,2,27.55,11.0,0.0
2026-04-22,10,3,146.84,29.0,0.0
2026-04-22,10,4,52.19,8.0,0.0
2026-04-22,10,5,87.44,7.0,70.0
2026-04-22,11,1,182.75,22.0,0.0
2026-04-22,11,2,143.45,17.0,0.0
2026-04-22,11,3,100.45,27.0,0.0
2026-04-22,11,4,37.35,5.0,0.0
2026-04-22,11,5,75.79,5.0,0.0
2026-04-22,12,1,159.46,20.0,0.0
2026-04-22,12,2,48.57,11.0,0.0
2026-04-22,12,3,74.83,26.0,0.0
2026-04-22,12,4,113.03,9.0,0.0
2026-04-22,12,5,65.54,5.0,0.0
2026-04-22,13,1,29.99,13.0,0.0
2026-04-22,13,2,44.74,11.0,0.0
2026-04-22,13,3,53.08,31.0,0.0
2026-04-22,13,4,25.34,8.0,0.0
2026-04-22,13,5,22.55,4.0,0.0
2026-04-22,14,1,17.18,23.0,0.0
2026-04-22,14,2,28.33,9.0,0.0
2026-04-22,14,3,234.34,45.0,0.0
2026-04-22,14,4,68.61,10.0,0.0
2026-04-22,14,5,3.67,9.0,0.0
2026-04-22,15,1,44.4,16.0,0.0
2026-04-22,15,2,51.98,8.0,0.0
2026-04-22,15,3,278.53,34.0,0.0
2026-04-22,15,4,57.27,10.0,0.0
2026-04-22,15,5,11.26,6.0,0.0
2026-04-22,16,1,54.27,15.0,0.0
2026-04-22,16,2,130.46,13.0,0.0
2026-04-22,16,3,272.64,29.0,0.0
2026-04-22,16,4,97.4,8.0,0.0
2026-04-22,16,5,14.59,6.0,0.0
2026-04-23,2,1,295.89,44.0,0.0
2026-04-23,2,2,271.0,32.0,0.0
2026-04-23,2,3,535.25,78.0,0.0
2026-04-23,2,4,201.0,22.0,0.0
2026-04-23,2,5,162.0,11.0,0.0
2026-04-23,3,1,422.9,49.0,0.0
2026-04-23,3,2,300.0,30.0,0.0
2026-04-23,3,3,712.55,67.0,0.0
2026-04-23,3,4,210.0,34.0,0.0
2026-04-23,3,5,178.0,14.0,0.0
2026-04-23,4,1,216.5,74.0,0.0
2026-04-23,4,2,249.0,29.0,0.0
2026-04-23,4,3,262.46,146.0,0.0
2026-04-23,4,4,208.22,33.0,0.0
2026-04-23,4,5,27.0,30.0,0.0
2026-04-23,5,1,60.99,21.0,0.0
2026-04-23,5,2,113.52,7.0,0.0
2026-04-23,5,3,72.71,39.0,0.0
2026-04-23,5,4,56.23,7.0,0.0
2026-04-23,5,5,37.68,3.0,0.0
2026-04-23,6,1,68.98,19.0,0.0
2026-04-23,6,2,137.12,11.0,0.0
2026-04-23,6,3,103.53,19.0,0.0
2026-04-23,6,4,100.83,3.0,0.0
2026-04-23,6,5,63.01,4.0,0.0
2026-04-23,7,1,49.18,14.0,0.0
2026-04-23,7,2,114.98,10.0,0.0
2026-04-23,7,3,54.92,30.0,0.0
2026-04-23,7,4,37.84,7.0,0.0
2026-04-23,7,5,82.22,4.0,70.0
2026-04-23,8,1,44.13,14.0,0.0
2026-04-23,8,2,33.14,10.0,0.0
2026-04-23,8,3,302.19,30.0,0.0
2026-04-23,8,4,77.73,11.0,0.0
2026-04-23,8,5,86.29,2.0,0.0
2026-04-23,9,1,185.53,16.0,0.0
2026-04-23,9,2,47.6,13.0,0.0
2026-04-23,9,3,92.35,31.0,0.0
2026-04-23,9,4,18.1,10.0,0.0
2026-04-23,9,5,69.04,5.0,0.0
2026-04-23,10,1,39.55,15.0,0.0
2026-04-23,10,2,156.55,11.0,140.0
2026-04-23,10,3,112.84,34.0,0.0
2026-04-23,10,4,48.19,4.0,0.0
2026-04-23,10,5,82.44,5.0,0.0
2026-04-23,11,1,175.75,7.0,0.0
2026-04-23,11,2,132.45,11.0,0.0
2026-04-23,11,3,70.45,30.0,0.0
2026-04-23,11,4,32.35,5.0,0.0
2026-04-23,11,5,70.79,5.0,0.0
2026-04-23,12,1,142.46,17.0,0.0
2026-04-23,12,2,35.57,13.0,0.0
2026-04-23,12,3,37.83,37.0,0.0
2026-04-23,12,4,104.03,9.0,0.0
2026-04-23,12,5,58.54,7.0,0.0
2026-04-23,13,1,229.99,10.0,210.0
2026-04-23,13,2,28.74,16.0,0.0
2026-04-23,13,3,27.08,26.0,0.0
2026-04-23,13,4,15.34,10.0,0.0
2026-04-23,13,5,88.55,4.0,70.0
2026-04-23,14,1,207.18,20.0,210.0
2026-04-23,14,2,157.33,11.0,140.0
2026-04-23,14,3,191.34,43.0,0.0
2026-04-23,14,4,61.61,7.0,0.0
2026-04-23,14,5,64.67,9.0,70.0
2026-04-23,15,1,24.4,20.0,0.0
2026-04-23,15,2,40.98,11.0,0.0
2026-04-23,15,3,236.53,42.0,0.0
2026-04-23,15,4,48.27,9.0,0.0
2026-04-23,15,5,72.26,9.0,70.0
2026-04-23,16,1,37.27,17.0,0.0
2026-04-23,16,2,120.46,10.0,0.0
2026-04-23,16,3,237.64,35.0,0.0
2026-04-23,16,4,91.4,6.0,0.0
2026-04-23,16,5,3.59,11.0,0.0
2026-04-24,2,1,257.89,38.0,0.0
2026-04-24,2,2,236.0,35.0,0.0
2026-04-24,2,3,459.25,76.0,0.0
2026-04-24,2,4,178.0,23.0,0.0
2026-04-24,2,5,149.0,13.0,0.0
2026-04-24,3,1,390.9,32.0,0.0
2026-04-24,3,2,277.0,23.0,0.0
2026-04-24,3,3,637.55,75.0,0.0
2026-04-24,3,4,185.0,25.0,0.0
2026-04-24,3,5,165.0,13.0,0.0
2026-04-24,4,1,116.5,100.0,0.0
2026-04-24,4,2,219.0,30.0,0.0
2026-04-24,4,3,137.46,125.0,0.0
2026-04-24,4,4,191.22,17.0,0.0
2026-04-24,4,5,0.0,27.0,0.0
2026-04-24,5,1,50.99,10.0,0.0
2026-04-24,5,2,104.52,9.0,0.0
2026-04-24,5,3,47.71,25.0,0.0
2026-04-24,5,4,48.23,8.0,0.0
2026-04-24,5,5,24.68,13.0,0.0
2026-04-24,6,1,57.98,11.0,0.0
2026-04-24,6,2,127.12,10.0,0.0
2026-04-24,6,3,84.53,19.0,0.0
2026-04-24,6,4,94.83,6.0,0.0
2026-04-24,6,5,57.01,6.0,0.0
2026-04-24,7,1,34.18,15.0,0.0
2026-04-24,7,2,108.98,6.0,0.0
2026-04-24,7,3,30.92,24.0,0.0
2026-04-24,7,4,27.84,10.0,0.0
2026-04-24,7,5,72.22,10.0,0.0
2026-04-24,8,1,25.13,19.0,0.0
2026-04-24,8,2,25.14,8.0,0.0
2026-04-24,8,3,274.19,28.0,0.0
2026-04-24,8,4,70.73,7.0,0.0
2026-04-24,8,5,76.29,10.0,0.0
2026-04-24,9,1,171.53,14.0,0.0
2026-04-24,9,2,39.6,8.0,0.0
2026-04-24,9,3,64.35,28.0,0.0
2026-04-24,9,4,121.1,9.0,112.0
2026-04-24,9,5,64.04,5.0,0.0
2026-04-24,10,1,19.55,20.0,0.0
2026-04-24,10,2,144.55,12.0,0.0
2026-04-24,10,3,89.84,23.0,0.0
2026-04-24,10,4,40.19,8.0,0.0
2026-04-24,10,5,77.44,5.0,0.0
2026-04-24,11,1,161.75,14.0,0.0
2026-04-24,11,2,124.45,8.0,0.0
2026-04-24,11,3,37.45,33.0,0.0
2026-04-24,11,4,25.35,7.0,0.0
2026-04-24,11,5,65.79,5.0,0.0
2026-04-24,12,1,128.46,14.0,0.0
2026-04-24,12,2,21.57,14.0,0.0
2026-04-24,12,3,355.83,32.0,350.0
2026-04-24,12,4,98.03,6.0,0.0
2026-04-24,12,5,51.54,7.0,0.0
2026-04-24,13,1,210.99,19.0,0.0
2026-04-24,13,2,154.74,14.0,140.0
2026-04-24,13,3,353.08,24.0,350.0
2026-04-24,13,4,117.34,10.0,112.0
2026-04-24,13,5,83.55,5.0,0.0
2026-04-24,14,1,183.18,24.0,0.0
2026-04-24,14,2,146.33,11.0,0.0
2026-04-24,14,3,152.34,39.0,0.0
2026-04-24,14,4,54.61,7.0,0.0
2026-04-24,14,5,59.67,5.0,0.0
2026-04-24,15,1,213.4,21.0,210.0
2026-04-24,15,2,33.98,7.0,0.0
2026-04-24,15,3,196.53,40.0,0.0
2026-04-24,15,4,42.27,6.0,0.0
2026-04-24,15,5,60.26,12.0,0.0
2026-04-24,16,1,20.27,17.0,0.0
2026-04-24,16,2,111.46,9.0,0.0
2026-04-24,16,3,198.64,39.0,0.0
2026-04-24,16,4,81.4,10.0,0.0
2026-04-24,16,5,64.59,9.0,70.0
2026-04-25,2,1,225.89,32.0,0.0
2026-04-25,2,2,208.0,28.0,0.0
2026-04-25,2,3,381.25,78.0,0.0
2026-04-25,2,4,154.0,24.0,0.0
2026-04-25,2,5,137.0,12.0,0.0
2026-04-25,3,1,354.9,36.0,0.0
2026-04-25,3,2,254.0,23.0,0.0
2026-04-25,3,3,559.55,78.0,0.0
2026-04-25,3,4,166.0,19.0,0.0
2026-04-25,3,5,146.0,19.0,0.0
2026-04-25,4,1,37.5,79.0,0.0
2026-04-25,4,2,195.0,24.0,0.0
2026-04-25,4,3,0.0,137.46,0.0
2026-04-25,4,4,171.22,20.0,0.0
2026-04-25,4,5,0.0,0.0,0.0
2026-04-25,5,1,34.99,16.0,0.0
2026-04-25,5,2,100.52,4.0,0.0
2026-04-25,5,3,378.71,19.0,350.0
2026-04-25,5,4,40.23,8.0,0.0
2026-04-25,5,5,14.68,10.0,0.0
2026-04-25,6,1,46.98,11.0,0.0
2026-04-25,6,2,111.12,16.0,0.0
2026-04-25,6,3,66.53,18.0,0.0
2026-04-25,6,4,92.83,2.0,0.0
2026-04-25,6,5,54.01,3.0,0.0
2026-04-25,7,1,228.18,16.0,210.0
2026-04-25,7,2,97.98,11.0,0.0
2026-04-25,7,3,356.92,24.0,350.0
2026-04-25,7,4,19.84,8.0,0.0
2026-04-25,7,5,63.22,9.0,0.0
2026-04-25,8,1,216.13,19.0,210.0
2026-04-25,8,2,163.14,2.0,140.0
2026-04-25,8,3,247.19,27.0,0.0
2026-04-25,8,4,64.73,6.0,0.0
2026-04-25,8,5,70.29,6.0,0.0
2026-04-25,9,1,163.53,8.0,0.0
2026-04-25,9,2,34.6,5.0,0.0
2026-04-25,9,3,36.35,28.0,0.0
2026-04-25,9,4,111.1,10.0,0.0
2026-04-25,9,5,54.04,10.0,0.0
2026-04-25,10,1,217.55,12.0,210.0
2026-04-25,10,2,135.55,9.0,0.0
2026-04-25,10,3,69.84,20.0,0.0
2026-04-25,10,4,36.19,4.0,0.0
2026-04-25,10,5,70.44,7.0,0.0
2026-04-25,11,1,156.75,5.0,0.0
2026-04-25,11,2,115.45,9.0,0.0
2026-04-25,11,3,365.45,22.0,350.0
2026-04-25,11,4,135.35,2.0,112.0
2026-04-25,11,5,60.79,5.0,0.0
2026-04-25,12,1,114.46,14.0,0.0
2026-04-25,12,2,151.57,10.0,140.0
2026-04-25,12,3,336.83,19.0,0.0
2026-04-25,12,4,88.03,10.0,0.0
2026-04-25,12,5,42.54,9.0,0.0
2026-04-25,13,1,198.99,12.0,0.0
2026-04-25,13,2,144.74,10.0,0.0
2026-04-25,13,3,333.08,20.0,0.0
2026-04-25,13,4,115.34,2.0,0.0
2026-04-25,13,5,79.55,4.0,0.0
2026-04-25,14,1,169.18,14.0,0.0
2026-04-25,14,2,141.33,5.0,0.0
2026-04-25,14,3,113.34,39.0,0.0
2026-04-25,14,4,46.61,8.0,0.0
2026-04-25,14,5,53.67,6.0,0.0
2026-04-25,15,1,191.4,22.0,0.0
2026-04-25,15,2,164.98,9.0,140.0
2026-04-25,15,3,178.53,18.0,0.0
2026-04-25,15,4,34.27,8.0,0.0
2026-04-25,15,5,49.26,11.0,0.0
2026-04-25,16,1,211.27,19.0,210.0
2026-04-25,16,2,105.46,6.0,0.0
2026-04-25,16,3,167.64,31.0,0.0
2026-04-25,16,4,76.4,5.0,0.0
2026-04-25,16,5,54.59,10.0,0.0
2026-04-26,2,1,177.89,48.0,0.0
2026-04-26,2,2,186.0,22.0,0.0
2026-04-26,2,3,309.25,72.0,0.0
2026-04-26,2,4,130.0,24.0,0.0
2026-04-26,2,5,128.0,9.0,0.0
2026-04-26,3,1,311.9,43.0,0.0
2026-04-26,3,2,227.0,27.0,0.0
2026-04-26,3,3,497.55,62.0,0.0
2026-04-26,3,4,149.0,17.0,0.0
2026-04-26,3,5,132.0,14.0,0.0
2026-04-26,4,1,0.0,37.5,0.0
2026-04-26,4,2,162.0,33.0,0.0
2026-04-26,4,3,916.0,134.0,1050.0
2026-04-26,4,4,153.22,18.0,0.0
2026-04-26,4,5,176.0,34.0,210.0
2026-04-26,5,1,234.99,10.0,210.0
2026-04-26,5,2,90.52,10.0,0.0
2026-04-26,5,3,353.71,25.0,0.0
2026-04-26,5,4,33.23,7.0,0.0
2026-04-26,5,5,10.68,4.0,0.0
2026-04-26,6,1,38.98,8.0,0.0
2026-04-26,6,2,103.12,8.0,0.0
2026-04-26,6,3,47.53,19.0,0.0
2026-04-26,6,4,88.83,4.0,0.0
2026-04-26,6,5,49.01,5.0,0.0
2026-04-26,7,1,215.18,13.0,0.0
2026-04-26,7,2,89.98,8.0,0.0
2026-04-26,7,3,323.92,33.0,0.0
2026-04-26,7,4,123.84,8.0,112.0
2026-04-26,7,5,59.22,4.0,0.0
2026-04-26,8,1,202.13,14.0,0.0
2026-04-26,8,2,160.14,3.0,0.0
2026-04-26,8,3,226.19,21.0,0.0
2026-04-26,8,4,59.73,5.0,0.0
2026-04-26,8,5,65.29,5.0,0.0
2026-04-26,9,1,150.53,13.0,0.0
2026-04-26,9,2,164.6,10.0,140.0
2026-04-26,9,3,372.35,14.0,350.0
2026-04-26,9,4,107.1,4.0,0.0
2026-04-26,9,5,46.04,8.0,0.0
2026-04-26,10,1,200.55,17.0,0.0
2026-04-26,10,2,128.55,7.0,0.0
2026-04-26,10,3,42.84,27.0,0.0
2026-04-26,10,4,27.19,9.0,0.0
2026-04-26,10,5,63.44,7.0,0.0
2026-04-26,11,1,143.75,13.0,0.0
2026-04-26,11,2,109.45,6.0,0.0
2026-04-26,11,3,343.45,22.0,0.0
2026-04-26,11,4,125.35,10.0,0.0
2026-04-26,11,5,53.79,7.0,0.0
2026-04-26,12,1,102.46,12.0,0.0
2026-04-26,12,2,144.57,7.0,0.0
2026-04-26,12,3,317.83,19.0,0.0
2026-04-26,12,4,78.03,10.0,0.0
2026-04-26,12,5,37.54,5.0,0.0
2026-04-26,13,1,181.99,17.0,0.0
2026-04-26,13,2,138.74,6.0,0.0
2026-04-26,13,3,310.08,23.0,0.0
2026-04-26,13,4,104.34,11.0,0.0
2026-04-26,13,5,75.55,4.0,0.0
2026-04-26,14,1,151.18,18.0,0.0
2026-04-26,14,2,139.33,2.0,0.0
2026-04-26,14,3,81.34,32.0,0.0
2026-04-26,14,4,43.61,3.0,0.0
2026-04-26,14,5,45.67,8.0,0.0
2026-04-26,15,1,164.4,27.0,0.0
2026-04-26,15,2,157.98,7.0,0.0
2026-04-26,15,3,141.53,37.0,0.0
2026-04-26,15,4,30.27,4.0,0.0
2026-04-26,15,5,42.26,7.0,0.0
2026-04-26,16,1,195.27,16.0,0.0
2026-04-26,16,2,95.46,10.0,0.0
2026-04-26,16,3,138.64,29.0,0.0
2026-04-26,16,4,70.4,6.0,0.0
2026-04-26,16,5,41.59,13.0,0.0
2026-04-27,2,1,130.89,47.0,0.0
2026-04-27,2,2,150.0,36.0,0.0
2026-04-27,2,3,217.25,92.0,0.0
2026-04-27,2,4,98.0,32.0,0.0
2026-04-27,2,5,113.0,15.0,0.0
2026-04-27,3,1,271.9,40.0,0.0
2026-04-27,3,2,194.0,33.0,0.0
2026-04-27,3,3,422.55,75.0,0.0
2026-04-27,3,4,128.0,21.0,0.0
2026-04-27,3,5,119.0,13.0,0.0
2026-04-27,4,1,541.0,89.0,630.0
2026-04-27,4,2,120.0,42.0,0.0
2026-04-27,4,3,788.0,128.0,0.0
2026-04-27,4,4,128.22,25.0,0.0
2026-04-27,4,5,123.0,53.0,0.0
2026-04-27,5,1,219.99,15.0,0.0
2026-04-27,5,2,80.52,10.0,0.0
2026-04-27,5,3,333.71,20.0,0.0
2026-04-27,5,4,22.23,11.0,0.0
2026-04-27,5,5,77.68,3.0,70.0
2026-04-27,6,1,237.98,11.0,210.0
2026-04-27,6,2,95.12,8.0,0.0
2026-04-27,6,3,368.53,29.0,350.0
2026-04-27,6,4,80.83,8.0,0.0
2026-04-27,6,5,46.01,3.0,0.0
2026-04-27,7,1,196.18,19.0,0.0
2026-04-27,7,2,81.98,8.0,0.0
2026-04-27,7,3,298.92,25.0,0.0
2026-04-27,7,4,118.84,5.0,0.0
2026-04-27,7,5,50.22,9.0,0.0
2026-04-27,8,1,190.13,12.0,0.0
2026-04-27,8,2,152.14,8.0,0.0
2026-04-27,8,3,189.19,37.0,0.0
2026-04-27,8,4,55.73,4.0,0.0
2026-04-27,8,5,56.29,9.0,0.0
2026-04-27,9,1,127.53,23.0,0.0
2026-04-27,9,2,157.6,7.0,0.0
2026-04-27,9,3,353.35,19.0,0.0
2026-04-27,9,4,98.1,9.0,0.0
2026-04-27,9,5,40.04,6.0,0.0
2026-04-27,10,1,185.55,15.0,0.0
2026-04-27,10,2,118.55,10.0,0.0
2026-04-27,10,3,369.84,23.0,350.0
2026-04-27,10,4,18.19,9.0,0.0
2026-04-27,10,5,58.44,5.0,0.0
2026-04-27,11,1,129.75,14.0,0.0
2026-04-27,11,2,104.45,5.0,0.0
2026-04-27,11,3,319.45,24.0,0.0
2026-04-27,11,4,113.35,12.0,0.0
2026-04-27,11,5,50.79,3.0,0.0
2026-04-27,12,1,88.46,14.0,0.0
2026-04-27,12,2,132.57,12.0,0.0
2026-04-27,12,3,301.83,16.0,0.0
2026-04-27,12,4,74.03,4.0,0.0
2026-04-27,12,5,31.54,6.0,0.0
2026-04-27,13,1,164.99,17.0,0.0
2026-04-27,13,2,134.74,4.0,0.0
2026-04-27,13,3,280.08,30.0,0.0
2026-04-27,13,4,92.34,12.0,0.0
2026-04-27,13,5,72.55,3.0,0.0
2026-04-27,14,1,132.18,19.0,0.0
2026-04-27,14,2,127.33,12.0,0.0
2026-04-27,14,3,40.34,41.0,0.0
2026-04-27,14,4,37.61,6.0,0.0
2026-04-27,14,5,31.67,14.0,0.0
2026-04-27,15,1,135.4,29.0,0.0
2026-04-27,15,2,146.98,11.0,0.0
2026-04-27,15,3,98.53,43.0,0.0
2026-04-27,15,4,23.27,7.0,0.0
2026-04-27,15,5,29.26,13.0,0.0
2026-04-27,16,1,168.27,27.0,0.0
2026-04-27,16,2,89.46,6.0,0.0
2026-04-27,16,3,92.64,46.0,0.0
2026-04-27,16,4,62.4,8.0,0.0
2026-04-27,16,5,35.59,6.0,0.0
2026-04-28,2,1,92.89,38.0,0.0
2026-04-28,2,2,113.0,37.0,0.0
2026-04-28,2,3,137.25,80.0,0.0
2026-04-28,2,4,73.0,25.0,0.0
2026-04-28,2,5,98.0,15.0,0.0
2026-04-28,3,1,229.9,42.0,0.0
2026-04-28,3,2,171.0,23.0,0.0
2026-04-28,3,3,346.55,76.0,0.0
2026-04-28,3,4,99.0,29.0,0.0
2026-04-28,3,5,98.0,21.0,0.0
2026-04-28,4,1,454.0,87.0,0.0
2026-04-28,4,2,88.0,32.0,0.0
2026-04-28,4,3,649.0,139.0,0.0
2026-04-28,4,4,103.22,25.0,0.0
2026-04-28,4,5,75.0,48.0,0.0
2026-04-28,5,1,202.99,17.0,0.0
2026-04-28,5,2,69.52,11.0,0.0
2026-04-28,5,3,308.71,25.0,0.0
2026-04-28,5,4,13.23,9.0,0.0
2026-04-28,5,5,76.68,1.0,0.0
2026-04-28,6,1,218.98,19.0,0.0
2026-04-28,6,2,84.12,11.0,0.0
2026-04-28,6,3,351.53,17.0,0.0
2026-04-28,6,4,70.83,10.0,0.0
2026-04-28,6,5,42.01,4.0,0.0
2026-04-28,7,1,178.18,18.0,0.0
2026-04-28,7,2,73.98,8.0,0.0
2026-04-28,7,3,272.92,26.0,0.0
2026-04-28,7,4,104.84,14.0,0.0
2026-04-28,7,5,45.22,5.0,0.0
2026-04-28,8,1,172.13,18.0,0.0
2026-04-28,8,2,138.14,14.0,0.0
2026-04-28,8,3,163.19,26.0,0.0
2026-04-28,8,4,48.73,7.0,0.0
2026-04-28,8,5,53.29,3.0,0.0
2026-04-28,9,1,120.53,7.0,0.0
2026-04-28,9,2,146.6,11.0,0.0
2026-04-28,9,3,337.35,16.0,0.0
2026-04-28,9,4,90.1,8.0,0.0
2026-04-28,9,5,36.04,4.0,0.0
2026-04-28,10,1,172.55,13.0,0.0
2026-04-28,10,2,94.55,24.0,0.0
2026-04-28,10,3,350.84,19.0,0.0
2026-04-28,10,4,120.19,10.0,112.0
2026-04-28,10,5,48.44,10.0,0.0
2026-04-28,11,1,116.75,13.0,0.0
2026-04-28,11,2,98.45,6.0,0.0
2026-04-28,11,3,291.45,28.0,0.0
2026-04-28,11,4,106.35,7.0,0.0
2026-04-28,11,5,41.79,9.0,0.0
2026-04-28,12,1,71.46,17.0,0.0
2026-04-28,12,2,119.57,13.0,0.0
2026-04-28,12,3,275.83,26.0,0.0
2026-04-28,12,4,60.03,14.0,0.0
2026-04-28,12,5,24.54,7.0,0.0
2026-04-28,13,1,145.99,19.0,0.0
2026-04-28,13,2,121.74,13.0,0.0
2026-04-28,13,3,255.08,25.0,0.0
2026-04-28,13,4,84.34,8.0,0.0
2026-04-28,13,5,69.55,3.0,0.0
2026-04-28,14,1,103.18,29.0,0.0
2026-04-28,14,2,115.33,12.0,0.0
2026-04-28,14,3,0.0,40.34,0.0
2026-04-28,14,4,27.61,10.0,0.0
2026-04-28,14,5,24.67,7.0,0.0
2026-04-28,15,1,112.4,23.0,0.0
2026-04-28,15,2,141.98,5.0,0.0
2026-04-28,15,3,65.53,33.0,0.0
2026-04-28,15,4,132.27,3.0,112.0
2026-04-28,15,5,22.26,7.0,0.0
2026-04-28,16,1,143.27,25.0,0.0
2026-04-28,16,2,81.46,8.0,0.0
2026-04-28,16,3,52.64,40.0,0.0
2026-04-28,16,4,60.4,2.0,0.0
2026-04-28,16,5,21.59,14.0,0.0
2026-04-29,2,1,684.89,38.0,630.0
2026-04-29,2,2,82.0,31.0,0.0
2026-04-29,2,3,1113.25,74.0,1050.0
2026-04-29,2,4,45.0,28.0,0.0
2026-04-29,2,5,86.0,12.0,0.0
2026-04-29,3,1,180.9,49.0,0.0
2026-04-29,3,2,145.0,26.0,0.0
2026-04-29,3,3,269.55,77.0,0.0
2026-04-29,3,4,81.0,18.0,0.0
2026-04-29,3,5,86.0,12.0,0.0
2026-04-29,4,1,368.0,86.0,0.0
2026-04-29,4,2,483.0,25.0,420.0
2026-04-29,4,3,496.0,153.0,0.0
2026-04-29,4,4,87.22,16.0,0.0
2026-04-29,4,5,25.0,50.0,0.0
2026-04-29,5,1,188.99,14.0,0.0
2026-04-29,5,2,59.52,10.0,0.0
2026-04-29,5,3,281.71,27.0,0.0
2026-04-29,5,4,120.23,5.0,112.0
2026-04-29,5,5,75.68,1.0,0.0
2026-04-29,6,1,200.98,18.0,0.0
2026-04-29,6,2,72.12,12.0,0.0
2026-04-29,6,3,321.53,30.0,0.0
2026-04-29,6,4,56.83,14.0,0.0
2026-04-29,6,5,40.01,2.0,0.0
2026-04-29,7,1,164.18,14.0,0.0
2026-04-29,7,2,60.98,13.0,0.0
2026-04-29,7,3,241.92,31.0,0.0
2026-04-29,7,4,92.84,12.0,0.0
2026-04-29,7,5,38.22,7.0,0.0
2026-04-29,8,1,151.13,21.0,0.0
2026-04-29,8,2,128.14,10.0,0.0
2026-04-29,8,3,141.19,22.0,0.0
2026-04-29,8,4,42.73,6.0,0.0
2026-04-29,8,5,44.29,9.0,0.0
2026-04-29,9,1,101.53,19.0,0.0
2026-04-29,9,2,137.6,9.0,0.0
2026-04-29,9,3,315.35,22.0,0.0
2026-04-29,9,4,78.1,12.0,0.0
2026-04-29,9,5,30.04,6.0,0.0
2026-04-29,10,1,155.55,17.0,0.0
2026-04-29,10,2,87.55,7.0,0.0
2026-04-29,10,3,328.84,22.0,0.0
2026-04-29,10,4,113.19,7.0,0.0
2026-04-29,10,5,41.44,7.0,0.0
2026-04-29,11,1,107.75,9.0,0.0
2026-04-29,11,2,88.45,10.0,0.0
2026-04-29,11,3,263.45,28.0,0.0
2026-04-29,11,4,98.35,8.0,0.0
2026-04-29,11,5,34.79,7.0,0.0
2026-04-29,12,1,54.46,17.0,0.0
2026-04-29,12,2,104.57,15.0,0.0
2026-04-29,12,3,245.83,30.0,0.0
2026-04-29,12,4,52.03,8.0,0.0
2026-04-29,12,5,16.54,8.0,0.0
2026-04-29,13,1,132.99,13.0,0.0
2026-04-29,13,2,107.74,14.0,0.0
2026-04-29,13,3,234.08,21.0,0.0
2026-04-29,13,4,78.34,6.0,0.0
2026-04-29,13,5,61.55,8.0,0.0
2026-04-29,14,1,81.18,22.0,0.0
2026-04-29,14,2,104.33,11.0,0.0
2026-04-29,14,3,304.0,46.0,350.0
2026-04-29,14,4,131.61,8.0,112.0
2026-04-29,14,5,11.67,13.0,0.0
2026-04-29,15,1,94.4,18.0,0.0
2026-04-29,15,2,128.98,13.0,0.0
2026-04-29,15,3,36.53,29.0,0.0
2026-04-29,15,4,120.27,12.0,0.0
2026-04-29,15,5,14.26,8.0,0.0
2026-04-29,16,1,120.27,23.0,0.0
2026-04-29,16,2,73.46,8.0,0.0
2026-04-29,16,3,9.64,43.0,0.0
2026-04-29,16,4,54.4,6.0,0.0
2026-04-29,16,5,9.59,12.0,0.0
2026-04-30,2,1,640.89,44.0,0.0
2026-04-30,2,2,471.0,31.0,420.0
2026-04-30,2,3,1040.25,73.0,0.0
2026-04-30,2,4,366.0,15.0,336.0
2026-04-30,2,5,75.0,11.0,0.0
2026-04-30,3,1,143.9,37.0,0.0
2026-04-30,3,2,115.0,30.0,0.0
2026-04-30,3,3,199.55,70.0,0.0
2026-04-30,3,4,50.0,31.0,0.0
2026-04-30,3,5,74.0,12.0,0.0
2026-04-30,4,1,276.0,92.0,0.0
2026-04-30,4,2,447.0,36.0,0.0
2026-04-30,4,3,355.0,141.0,0.0
2026-04-30,4,4,63.22,24.0,0.0
2026-04-30,4,5,0.0,25.0,0.0
2026-04-30,5,1,171.99,17.0,0.0
2026-04-30,5,2,50.52,9.0,0.0
2026-04-30,5,3,260.71,21.0,0.0
2026-04-30,5,4,115.23,5.0,0.0
2026-04-30,5,5,74.68,1.0,0.0
2026-04-30,6,1,186.98,14.0,0.0
2026-04-30,6,2,62.12,10.0,0.0
2026-04-30,6,3,293.53,28.0,0.0
2026-04-30,6,4,49.83,7.0,0.0
2026-04-30,6,5,36.01,4.0,0.0
2026-04-30,7,1,149.18,15.0,0.0
2026-04-30,7,2,53.98,7.0,0.0
2026-04-30,7,3,218.92,23.0,0.0
2026-04-30,7,4,84.84,8.0,0.0
2026-04-30,7,5,29.22,9.0,0.0
2026-04-30,8,1,134.13,17.0,0.0
2026-04-30,8,2,121.14,7.0,0.0
2026-04-30,8,3,114.19,27.0,0.0
2026-04-30,8,4,35.73,7.0,0.0
2026-04-30,8,5,41.29,3.0,0.0
2026-04-30,9,1,76.53,25.0,0.0
2026-04-30,9,2,127.6,10.0,0.0
2026-04-30,9,3,292.35,23.0,0.0
2026-04-30,9,4,72.1,6.0,0.0
2026-04-30,9,5,23.04,7.0,0.0
2026-04-30,10,1,143.55,12.0,0.0
2026-04-30,10,2,74.55,13.0,0.0
2026-04-30,10,3,308.84,20.0,0.0
2026-04-30,10,4,106.19,7.0,0.0
2026-04-30,10,5,36.44,5.0,0.0
2026-04-30,11,1,91.75,16.0,0.0
2026-04-30,11,2,77.45,11.0,0.0
2026-04-30,11,3,232.45,31.0,0.0
2026-04-30,11,4,93.35,5.0,0.0
2026-04-30,11,5,31.79,3.0,0.0
2026-04-30,12,1,44.46,10.0,0.0
2026-04-30,12,2,96.57,8.0,0.0
2026-04-30,12,3,217.83,28.0,0.0
2026-04-30,12,4,45.03,7.0,0.0
2026-04-30,12,5,11.54,5.0,0.0
2026-04-30,13,1,121.99,11.0,0.0
2026-04-30,13,2,100.74,7.0,0.0
2026-04-30,13,3,208.08,26.0,0.0
2026-04-30,13,4,72.34,6.0,0.0
2026-04-30,13,5,56.55,5.0,0.0
2026-04-30,14,1,59.18,22.0,0.0
2026-04-30,14,2,88.33,16.0,0.0
2026-04-30,14,3,266.0,38.0,0.0
2026-04-30,14,4,118.61,13.0,0.0
2026-04-30,14,5,0.0,11.67,0.0
2026-04-30,15,1,66.4,28.0,0.0
2026-04-30,15,2,116.98,12.0,0.0
2026-04-30,15,3,346.53,40.0,350.0
2026-04-30,15,4,112.27,8.0,0.0
2026-04-30,15,5,4.26,10.0,0.0
2026-04-30,16,1,96.27,24.0,0.0
2026-04-30,16,2,62.46,11.0,0.0
2026-04-30,16,3,317.64,42.0,350.0
2026-04-30,16,4,47.4,7.0,0.0
2026-04-30,16,5,0.59,9.0,0.0
2026-05-01,2,1,595.89,45.0,0.0
2026-05-01,2,2,450.0,21.0,0.0
2026-05-01,2,3,961.25,79.0,0.0
2026-05-01,2,4,348.0,18.0,0.0
2026-05-01,2,5,270.0,15.0,210.0
2026-05-01,3,1,91.9,52.0,0.0
2026-05-01,3,2,85.0,30.0,0.0
2026-05-01,3,3,130.55,69.0,0.0
2026-05-01,3,4,367.0,19.0,336.0
2026-05-01,3,5,61.0,13.0,0.0
2026-05-01,4,1,190.0,86.0,0.0
2026-05-01,4,2,411.0,36.0,0.0
2026-05-01,4,3,196.0,159.0,0.0
2026-05-01,4,4,366.22,33.0,336.0
2026-05-01,4,5,0.0,0.0,0.0
2026-05-01,5,1,155.99,16.0,0.0
2026-05-01,5,2,39.52,11.0,0.0
2026-05-01,5,3,234.71,26.0,0.0
2026-05-01,5,4,107.23,8.0,0.0
2026-05-01,5,5,69.68,5.0,0.0
2026-05-01,6,1,169.98,17.0,0.0
2026-05-01,6,2,49.12,13.0,0.0
2026-05-01,6,3,277.53,16.0,0.0
2026-05-01,6,4,41.83,8.0,0.0
2026-05-01,6,5,36.01,0.0,0.0
2026-05-01,7,1,129.18,20.0,0.0
2026-05-01,7,2,47.98,6.0,0.0
2026-05-01,7,3,185.92,33.0,0.0
2026-05-01,7,4,73.84,11.0,0.0
2026-05-01,7,5,21.22,8.0,0.0
2026-05-01,8,1,124.13,10.0,0.0
2026-05-01,8,2,114.14,7.0,0.0
2026-05-01,8,3,90.19,24.0,0.0
2026-05-01,8,4,28.73,7.0,0.0
2026-05-01,8,5,34.29,7.0,0.0
2026-05-01,9,1,63.53,13.0,0.0
2026-05-01,9,2,121.6,6.0,0.0
2026-05-01,9,3,270.35,22.0,0.0
2026-05-01,9,4,64.1,8.0,0.0
2026-05-01,9,5,19.04,4.0,0.0
2026-05-01,10,1,127.55,16.0,0.0
2026-05-01,10,2,68.55,6.0,0.0
2026-05-01,10,3,281.84,27.0,0.0
2026-05-01,10,4,96.19,10.0,0.0
2026-05-01,10,5,36.44,0.0,0.0
2026-05-01,11,1,75.75,16.0,0.0
2026-05-01,11,2,65.45,12.0,0.0
2026-05-01,11,3,219.45,13.0,0.0
2026-05-01,11,4,86.35,7.0,0.0
2026-05-01,11,5,27.79,4.0,0.0
2026-05-01,12,1,18.46,26.0,0.0
2026-05-01,12,2,87.57,9.0,0.0
2026-05-01,12,3,188.83,29.0,0.0
2026-05-01,12,4,42.03,3.0,0.0
2026-05-01,12,5,77.54,4.0,70.0
2026-05-01,13,1,99.99,22.0,0.0
2026-05-01,13,2,89.74,11.0,0.0
2026-05-01,13,3,180.08,28.0,0.0
2026-05-01,13,4,66.34,6.0,0.0
2026-05-01,13,5,53.55,3.0,0.0
2026-05-01,14,1,28.18,31.0,0.0
2026-05-01,14,2,81.33,7.0,0.0
2026-05-01,14,3,241.0,25.0,0.0
2026-05-01,14,4,112.61,6.0,0.0
2026-05-01,14,5,0.0,0.0,0.0
2026-05-01,15,1,39.4,27.0,0.0
2026-05-01,15,2,104.98,12.0,0.0
2026-05-01,15,3,309.53,37.0,0.0
2026-05-01,15,4,100.27,12.0,0.0
2026-05-01,15,5,0.0,4.26,0.0
2026-05-01,16,1,71.27,25.0,0.0
2026-05-01,16,2,54.46,8.0,0.0
2026-05-01,16,3,285.64,32.0,0.0
2026-05-01,16,4,38.4,9.0,0.0
2026-05-01,16,5,0.0,0.59,0.0
2026-05-02,2,1,556.89,39.0,0.0
2026-05-02,2,2,426.0,24.0,0.0
2026-05-02,2,3,896.25,65.0,0.0
2026-05-02,2,4,330.0,18.0,0.0
2026-05-02,2,5,256.0,14.0,0.0
2026-05-02,3,1,688.9,33.0,630.0
2026-05-02,3,2,471.0,34.0,420.0
2026-05-02,3,3,1110.55,70.0,1050.0
2026-05-02,3,4,348.0,19.0,0.0
2026-05-02,3,5,261.0,10.0,210.0
2026-05-02,4,1,129.0,61.0,0.0
2026-05-02,4,2,383.0,28.0,0.0
2026-05-02,4,3,82.0,114.0,0.0
2026-05-02,4,4,340.22,26.0,0.0
2026-05-02,4,5,0.0,0.0,0.0
2026-05-02,5,1,148.99,7.0,0.0
2026-05-02,5,2,34.52,5.0,0.0
2026-05-02,5,3,213.71,21.0,0.0
2026-05-02,5,4,105.23,2.0,0.0
2026-05-02,5,5,66.68,3.0,0.0
2026-05-02,6,1,150.98,19.0,0.0
2026-05-02,6,2,42.12,7.0,0.0
2026-05-02,6,3,258.53,19.0,0.0
2026-05-02,6,4,39.83,2.0,0.0
2026-05-02,6,5,33.01,3.0,0.0
2026-05-02,7,1,122.18,7.0,0.0
2026-05-02,7,2,36.98,11.0,0.0
2026-05-02,7,3,170.92,15.0,0.0
2026-05-02,7,4,62.84,11.0,0.0
2026-05-02,7,5,18.22,3.0,0.0
2026-05-02,8,1,112.13,12.0,0.0
2026-05-02,8,2,102.14,12.0,0.0
2026-05-02,8,3,67.19,23.0,0.0
2026-05-02,8,4,23.73,5.0,0.0
2026-05-02,8,5,30.29,4.0,0.0
2026-05-02,9,1,51.53,12.0,0.0
2026-05-02,9,2,110.6,11.0,0.0
2026-05-02,9,3,257.35,13.0,0.0
2026-05-02,9,4,60.1,4.0,0.0
2026-05-02,9,5,14.04,5.0,0.0
2026-05-02,10,1,115.55,12.0,0.0
2026-05-02,10,2,58.55,10.0,0.0
2026-05-02,10,3,260.84,21.0,0.0
2026-05-02,10,4,90.19,6.0,0.0
2026-05-02,10,5,33.44,3.0,0.0
2026-05-02,11,1,51.75,24.0,0.0
2026-05-02,11,2,59.45,6.0,0.0
2026-05-02,11,3,197.45,22.0,0.0
2026-05-02,11,4,83.35,3.0,0.0
2026-05-02,11,5,19.79,8.0,0.0
2026-05-02,12,1,215.46,13.0,210.0
2026-05-02,12,2,76.57,11.0,0.0
2026-05-02,12,3,167.83,21.0,0.0
2026-05-02,12,4,36.03,6.0,0.0
2026-05-02,12,5,75.54,2.0,0.0
2026-05-02,13,1,88.99,11.0,0.0
2026-05-02,13,2,78.74,11.0,0.0
2026-05-02,13,3,160.08,20.0,0.0
2026-05-02,13,4,57.34,9.0,0.0
2026-05-02,13,5,46.55,7.0,0.0
2026-05-02,14,1,9.18,19.0,0.0
2026-05-02,14,2,68.33,13.0,0.0
2026-05-02,14,3,216.0,25.0,0.0
2026-05-02,14,4,104.61,8.0,0.0
2026-05-02,14,5,0.0,0.0,0.0
2026-05-02,15,1,23.4,16.0,0.0
2026-05-02,15,2,97.98,7.0,0.0
2026-05-02,15,3,280.53,29.0,0.0
2026-05-02,15,4,93.27,7.0,0.0
2026-05-02,15,5,62.0,8.0,70.0
2026-05-02,16,1,46.27,25.0,0.0
2026-05-02,16,2,45.46,9.0,0.0
2026-05-02,16,3,255.64,30.0,0.0
2026-05-02,16,4,34.4,4.0,0.0
2026-05-02,16,5,0.0,0.0,0.0
2026-05-03,2,1,520.89,36.0,0.0
2026-05-03,2,2,401.0,25.0,0.0
2026-05-03,2,3,831.25,65.0,0.0
2026-05-03,2,4,301.0,29.0,0.0
2026-05-03,2,5,238.0,18.0,0.0
2026-05-03,3,1,648.9,40.0,0.0
2026-05-03,3,2,449.0,22.0,0.0
2026-05-03,3,3,1029.55,81.0,0.0
2026-05-03,3,4,322.0,26.0,0.0
2026-05-03,3,5,251.0,10.0,0.0
2026-05-03,4,1,64.0,65.0,0.0
2026-05-03,4,2,348.0,35.0,0.0
2026-05-03,4,3,1012.0,120.0,1050.0
2026-05-03,4,4,318.22,22.0,0.0
2026-05-03,4,5,0.0,0.0,0.0
2026-05-03,5,1,128.99,20.0,0.0
2026-05-03,5,2,167.52,7.0,140.0
2026-05-03,5,3,191.71,22.0,0.0
2026-05-03,5,4,97.23,8.0,0.0
2026-05-03,5,5,61.68,5.0,0.0
2026-05-03,6,1,134.98,16.0,0.0
2026-05-03,6,2,32.12,10.0,0.0
2026-05-03,6,3,238.53,20.0,0.0
2026-05-03,6,4,37.83,2.0,0.0
2026-05-03,6,5,95.01,8.0,70.0
2026-05-03,7,1,104.18,18.0,0.0
2026-05-03,7,2,165.98,11.0,140.0
2026-05-03,7,3,147.92,23.0,0.0
2026-05-03,7,4,49.84,13.0,0.0
2026-05-03,7,5,12.22,6.0,0.0
2026-05-03,8,1,102.13,10.0,0.0
2026-05-03,8,2,95.14,7.0,0.0
2026-05-03,8,3,41.19,26.0,0.0
2026-05-03,8,4,125.73,10.0,112.0
2026-05-03,8,5,27.29,3.0,0.0
2026-05-03,9,1,42.53,9.0,0.0
2026-05-03,9,2,100.6,10.0,0.0
2026-05-03,9,3,242.35,15.0,0.0
2026-05-03,9,4,54.1,6.0,0.0
2026-05-03,9,5,80.04,4.0,70.0
2026-05-03,10,1,102.55,13.0,0.0
2026-05-03,10,2,45.55,13.0,0.0
2026-05-03,10,3,232.84,28.0,0.0
2026-05-03,10,4,85.19,5.0,0.0
2026-05-03,10,5,29.44,4.0,0.0
2026-05-03,11,1,28.75,23.0,0.0
2026-05-03,11,2,47.45,12.0,0.0
2026-05-03,11,3,173.45,24.0,0.0
2026-05-03,11,4,75.35,8.0,0.0
2026-05-03,11,5,15.79,4.0,0.0
2026-05-03,12,1,203.46,12.0,0.0
2026-05-03,12,2,66.57,10.0,0.0
2026-05-03,12,3,144.83,23.0,0.0
2026-05-03,12,4,33.03,3.0,0.0
2026-05-03,12,5,72.54,3.0,0.0
2026-05-03,13,1,81.99,7.0,0.0
2026-05-03,13,2,73.74,5.0,0.0
2026-05-03,13,3,143.08,17.0,0.0
2026-05-03,13,4,49.34,8.0,0.0
2026-05-03,13,5,43.55,3.0,0.0
2026-05-03,14,1,199.18,20.0,210.0
2026-05-03,14,2,60.33,8.0,0.0
2026-05-03,14,3,179.0,37.0,0.0
2026-05-03,14,4,101.61,3.0,0.0
2026-05-03,14,5,63.0,7.0,70.0
2026-05-03,15,1,211.4,22.0,210.0
2026-05-03,15,2,90.98,7.0,0.0
2026-05-03,15,3,251.53,29.0,0.0
2026-05-03,15,4,82.27,11.0,0.0
2026-05-03,15,5,50.0,12.0,0.0
2026-05-03,16,1,15.27,31.0,0.0
2026-05-03,16,2,36.46,9.0,0.0
2026-05-03,16,3,217.64,38.0,0.0
2026-05-03,16,4,28.4,6.0,0.0
2026-05-03,16,5,56.0,14.0,70.0
2026-05-04,2,1,475.89,45.0,0.0
2026-05-04,2,2,376.0,25.0,0.0
2026-05-04,2,3,767.25,64.0,0.0
2026-05-04,2,4,279.0,22.0,0.0
2026-05-04,2,5,217.0,21.0,0.0
2026-05-04,3,1,596.9,52.0,0.0
2026-05-04,3,2,421.0,28.0,0.0
2026-05-04,3,3,946.55,83.0,0.0
2026-05-04,3,4,294.0,28.0,0.0
2026-05-04,3,5,235.0,16.0,0.0
2026-05-04,4,1,609.0,85.0,630.0
2026-05-04,4,2,311.0,37.0,0.0
2026-05-04,4,3,858.0,154.0,0.0
2026-05-04,4,4,295.22,23.0,0.0
2026-05-04,4,5,173.0,37.0,210.0
2026-05-04,5,1,118.99,10.0,0.0
2026-05-04,5,2,157.52,10.0,0.0
2026-05-04,5,3,162.71,29.0,0.0
2026-05-04,5,4,87.23,10.0,0.0
2026-05-04,5,5,54.68,7.0,0.0
2026-05-04,6,1,119.98,15.0,0.0
2026-05-04,6,2,165.12,7.0,140.0
2026-05-04,6,3,217.53,21.0,0.0
2026-05-04,6,4,31.83,6.0,0.0
2026-05-04,6,5,89.01,6.0,0.0
2026-05-04,7,1,92.18,12.0,0.0
2026-05-04,7,2,152.98,13.0,0.0
2026-05-04,7,3,125.92,22.0,0.0
2026-05-04,7,4,39.84,10.0,0.0
2026-05-04,7,5,70.22,12.0,70.0
2026-05-04,8,1,88.13,14.0,0.0
2026-05-04,8,2,86.14,9.0,0.0
2026-05-04,8,3,369.19,22.0,350.0
2026-05-04,8,4,116.73,9.0,0.0
2026-05-04,8,5,19.29,8.0,0.0
2026-05-04,9,1,233.53,19.0,210.0
2026-05-04,9,2,92.6,8.0,0.0
2026-05-04,9,3,213.35,29.0,0.0
2026-05-04,9,4,45.1,9.0,0.0
2026-05-04,9,5,77.04,3.0,0.0
2026-05-04,10,1,82.55,20.0,0.0
2026-05-04,10,2,35.55,10.0,0.0
2026-05-04,10,3,212.84,20.0,0.0
2026-05-04,10,4,78.19,7.0,0.0
2026-05-04,10,5,25.44,4.0,0.0
2026-05-04,11,1,6.75,22.0,0.0
2026-05-04,11,2,34.45,13.0,0.0
2026-05-04,11,3,143.45,30.0,0.0
2026-05-04,11,4,71.35,4.0,0.0
2026-05-04,11,5,77.79,8.0,70.0
2026-05-04,12,1,189.46,14.0,0.0
2026-05-04,12,2,53.57,13.0,0.0
2026-05-04,12,3,117.83,27.0,0.0
2026-05-04,12,4,141.03,4.0,112.0
2026-05-04,12,5,68.54,4.0,0.0
2026-05-04,13,1,70.99,11.0,0.0
2026-05-04,13,2,61.74,12.0,0.0
2026-05-04,13,3,119.08,24.0,0.0
2026-05-04,13,4,42.34,7.0,0.0
2026-05-04,13,5,40.55,3.0,0.0
2026-05-04,14,1,177.18,22.0,0.0
2026-05-04,14,2,50.33,10.0,0.0
2026-05-04,14,3,139.0,40.0,0.0
2026-05-04,14,4,92.61,9.0,0.0
2026-05-04,14,5,49.0,14.0,0.0
2026-05-04,15,1,189.4,22.0,0.0
2026-05-04,15,2,81.98,9.0,0.0
2026-05-04,15,3,223.53,28.0,0.0
2026-05-04,15,4,76.27,6.0,0.0
2026-05-04,15,5,38.0,12.0,0.0
2026-05-04,16,1,0.0,15.27,0.0
2026-05-04,16,2,163.46,13.0,140.0
2026-05-04,16,3,179.64,38.0,0.0
2026-05-04,16,4,132.4,8.0,112.0
2026-05-04,16,5,44.0,12.0,0.0
2026-05-05,2,1,432.89,43.0,0.0
2026-05-05,2,2,342.0,34.0,0.0
2026-05-05,2,3,708.25,59.0,0.0
2026-05-05,2,4,254.0,25.0,0.0
2026-05-05,2,5,198.0,19.0,0.0
2026-05-05,3,1,534.9,62.0,0.0
2026-05-05,3,2,384.0,37.0,0.0
2026-05-05,3,3,861.55,85.0,0.0
2026-05-05,3,4,273.0,21.0,0.0
2026-05-05,3,5,217.0,18.0,0.0
2026-05-05,4,1,525.0,84.0,0.0
2026-05-05,4,2,282.0,29.0,0.0
2026-05-05,4,3,721.0,137.0,0.0
2026-05-05,4,4,271.22,24.0,0.0
2026-05-05,4,5,130.0,43.0,0.0
2026-05-05,5,1,103.99,15.0,0.0
2026-05-05,5,2,144.52,13.0,0.0
2026-05-05,5,3,131.71,31.0,0.0
2026-05-05,5,4,76.23,11.0,0.0
2026-05-05,5,5,53.68,1.0,0.0
2026-05-05,6,1,110.98,9.0,0.0
2026-05-05,6,2,153.12,12.0,0.0
2026-05-05,6,3,190.53,27.0,0.0
2026-05-05,6,4,132.83,11.0,112.0
2026-05-05,6,5,83.01,6.0,0.0
2026-05-05,7,1,78.18,14.0,0.0
2026-05-05,7,2,146.98,6.0,0.0
2026-05-05,7,3,92.92,33.0,0.0
2026-05-05,7,4,35.84,4.0,0.0
2026-05-05,7,5,64.22,6.0,0.0
2026-05-05,8,1,62.13,26.0,0.0
2026-05-05,8,2,76.14,10.0,0.0
2026-05-05,8,3,343.19,26.0,0.0
2026-05-05,8,4,104.73,12.0,0.0
2026-05-05,8,5,15.29,4.0,0.0
2026-05-05,9,1,213.53,20.0,0.0
2026-05-05,9,2,86.6,6.0,0.0
2026-05-05,9,3,188.35,25.0,0.0
2026-05-05,9,4,37.1,8.0,0.0
2026-05-05,9,5,74.04,3.0,0.0
2026-05-05,10,1,60.55,22.0,0.0
2026-05-05,10,2,163.55,12.0,140.0
2026-05-05,10,3,189.84,23.0,0.0
2026-05-05,10,4,71.19,7.0,0.0
2026-05-05,10,5,90.44,5.0,70.0
2026-05-05,11,1,199.75,17.0,210.0
2026-05-05,11,2,27.45,7.0,0.0
2026-05-05,11,3,117.45,26.0,0.0
2026-05-05,11,4,62.35,9.0,0.0
2026-05-05,11,5,71.79,6.0,0.0
2026-05-05,12,1,170.46,19.0,0.0
2026-05-05,12,2,48.57,5.0,0.0
2026-05-05,12,3,90.83,27.0,0.0
2026-05-05,12,4,123.03,18.0,0.0
2026-05-05,12,5,61.54,7.0,0.0
2026-05-05,13,1,57.99,13.0,0.0
2026-05-05,13,2,58.74,3.0,0.0
2026-05-05,13,3,91.08,28.0,0.0
2026-05-05,13,4,39.34,3.0,0.0
2026-05-05,13,5,33.55,7.0,0.0
2026-05-05,14,1,160.18,17.0,0.0
2026-05-05,14,2,44.33,6.0,0.0
2026-05-05,14,3,97.0,42.0,0.0
2026-05-05,14,4,81.61,11.0,0.0
2026-05-05,14,5,36.0,13.0,0.0
2026-05-05,15,1,164.4,25.0,0.0
2026-05-05,15,2,71.98,10.0,0.0
2026-05-05,15,3,186.53,37.0,0.0
2026-05-05,15,4,69.27,7.0,0.0
2026-05-05,15,5,29.0,9.0,0.0
2026-05-05,16,1,186.0,24.0,210.0
2026-05-05,16,2,154.46,9.0,0.0
2026-05-05,16,3,133.64,46.0,0.0
2026-05-05,16,4,124.4,8.0,0.0
2026-05-05,16,5,37.0,7.0,0.0
2026-05-06,2,1,392.89,40.0,0.0
2026-05-06,2,2,312.0,30.0,0.0
2026-05-06,2,3,637.25,71.0,0.0
2026-05-06,2,4,236.0,18.0,0.0
2026-05-06,2,5,176.0,22.0,0.0
2026-05-06,3,1,491.9,43.0,0.0
2026-05-06,3,2,347.0,37.0,0.0
2026-05-06,3,3,798.55,63.0,0.0
2026-05-06,3,4,248.0,25.0,0.0
2026-05-06,3,5,207.0,10.0,0.0
2026-05-06,4,1,447.0,78.0,0.0
2026-05-06,4,2,256.0,26.0,0.0
2026-05-06,4,3,595.0,126.0,0.0
2026-05-06,4,4,247.22,24.0,0.0
2026-05-06,4,5,107.0,23.0,0.0
2026-05-06,5,1,88.99,15.0,0.0
2026-05-06,5,2,130.52,14.0,0.0
2026-05-06,5,3,110.71,21.0,0.0
2026-05-06,5,4,65.23,11.0,0.0
2026-05-06,5,5,49.68,4.0,0.0
2026-05-06,6,1,97.98,13.0,0.0
2026-05-06,6,2,140.12,13.0,0.0
2026-05-06,6,3,173.53,17.0,0.0
2026-05-06,6,4,121.83,11.0,0.0
2026-05-06,6,5,76.01,7.0,0.0
2026-05-06,7,1,66.18,12.0,0.0
2026-05-06,7,2,136.98,10.0,0.0
2026-05-06,7,3,69.92,23.0,0.0
2026-05-06,7,4,23.84,12.0,0.0
2026-05-06,7,5,58.22,6.0,0.0
2026-05-06,8,1,45.13,17.0,0.0
2026-05-06,8,2,66.14,10.0,0.0
2026-05-06,8,3,311.19,32.0,0.0
2026-05-06,8,4,100.73,4.0,0.0
2026-05-06,8,5,82.29,3.0,70.0
2026-05-06,9,1,194.53,19.0,0.0
2026-05-06,9,2,70.6,16.0,0.0
2026-05-06,9,3,158.35,30.0,0.0
2026-05-06,9,4,26.1,11.0,0.0
2026-05-06,9,5,70.04,4.0,0.0
2026-05-06,10,1,47.55,13.0,0.0
2026-05-06,10,2,154.55,9.0,0.0
2026-05-06,10,3,165.84,24.0,0.0
2026-05-06,10,4,70.19,1.0,0.0
2026-05-06,10,5,82.44,8.0,0.0
2026-05-06,11,1,185.75,14.0,0.0
2026-05-06,11,2,151.45,16.0,140.0
2026-05-06,11,3,92.45,25.0,0.0
2026-05-06,11,4,52.35,10.0,0.0
2026-05-06,11,5,67.79,4.0,0.0
2026-05-06,12,1,157.46,13.0,0.0
2026-05-06,12,2,37.57,11.0,0.0
2026-05-06,12,3,58.83,32.0,0.0
2026-05-06,12,4,117.03,6.0,0.0
2026-05-06,12,5,59.54,2.0,0.0
2026-05-06,13,1,43.99,14.0,0.0
2026-05-06,13,2,42.74,16.0,0.0
2026-05-06,13,3,70.08,21.0,0.0
2026-05-06,13,4,27.34,12.0,0.0
2026-05-06,13,5,29.55,4.0,0.0
2026-05-06,14,1,139.18,21.0,0.0
2026-05-06,14,2,38.33,6.0,0.0
2026-05-06,14,3,45.0,52.0,0.0
2026-05-06,14,4,70.61,11.0,0.0
2026-05-06,14,5,23.0,13.0,0.0
2026-05-06,15,1,136.4,28.0,0.0
2026-05-06,15,2,65.98,6.0,0.0
2026-05-06,15,3,148.53,38.0,0.0
2026-05-06,15,4,58.27,11.0,0.0
2026-05-06,15,5,21.0,8.0,0.0
2026-05-06,16,1,168.0,18.0,0.0
2026-05-06,16,2,148.46,6.0,0.0
2026-05-06,16,3,94.64,39.0,0.0
2026-05-06,16,4,117.4,7.0,0.0
2026-05-06,16,5,29.0,8.0,0.0
2026-05-07,2,1,353.89,39.0,0.0
2026-05-07,2,2,279.0,33.0,0.0
2026-05-07,2,3,561.25,76.0,0.0
2026-05-07,2,4,216.0,20.0,0.0
2026-05-07,2,5,157.0,19.0,0.0
2026-05-07,3,1,454.9,37.0,0.0
2026-05-07,3,2,316.0,31.0,0.0
2026-05-07,3,3,722.55,76.0,0.0
2026-05-07,3,4,224.0,24.0,0.0
2026-05-07,3,5,192.0,15.0,0.0
2026-05-07,4,1,365.0,82.0,0.0
2026-05-07,4,2,229.0,27.0,0.0
2026-05-07,4,3,483.0,112.0,0.0
2026-05-07,4,4,222.22,25.0,0.0
2026-05-07,4,5,71.0,36.0,0.0
2026-05-07,5,1,70.99,18.0,0.0
2026-05-07,5,2,113.52,17.0,0.0
2026-05-07,5,3,90.71,20.0,0.0
2026-05-07,5,4,59.23,6.0,0.0
2026-05-07,5,5,45.68,4.0,0.0
2026-05-07,6,1,86.98,11.0,0.0
2026-05-07,6,2,127.12,13.0,0.0
2026-05-07,6,3,154.53,19.0,0.0
2026-05-07,6,4,117.83,4.0,0.0
2026-05-07,6,5,73.01,3.0,0.0
2026-05-07,7,1,51.18,15.0,0.0
2026-05-07,7,2,126.98,10.0,0.0
2026-05-07,7,3,41.92,28.0,0.0
2026-05-07,7,4,14.84,9.0,0.0
2026-05-07,7,5,54.22,4.0,0.0
2026-05-07,8,1,33.13,12.0,0.0
2026-05-07,8,2,56.14,10.0,0.0
2026-05-07,8,3,274.19,37.0,0.0
2026-05-07,8,4,90.73,10.0,0.0
2026-05-07,8,5,75.29,7.0,0.0
2026-05-07,9,1,174.53,20.0,0.0
2026-05-07,9,2,62.6,8.0,0.0
2026-05-07,9,3,127.35,31.0,0.0
2026-05-07,9,4,16.1,10.0,0.0
2026-05-07,9,5,64.04,6.0,0.0
2026-05-07,10,1,33.55,14.0,0.0
2026-05-07,10,2,142.55,12.0,0.0
2026-05-07,10,3,137.84,28.0,0.0
2026-05-07,10,4,59.19,11.0,0.0
2026-05-07,10,5,74.44,8.0,0.0
2026-05-07,11,1,169.75,16.0,0.0
2026-05-07,11,2,138.45,13.0,0.0
2026-05-07,11,3,62.45,30.0,0.0
2026-05-07,11,4,44.35,8.0,0.0
2026-05-07,11,5,62.79,5.0,0.0
2026-05-07,12,1,149.46,8.0,0.0
2026-05-07,12,2,26.57,11.0,0.0
2026-05-07,12,3,25.83,33.0,0.0
2026-05-07,12,4,112.03,5.0,0.0
2026-05-07,12,5,52.54,7.0,0.0
2026-05-07,13,1,24.99,19.0,0.0
2026-05-07,13,2,32.74,10.0,0.0
2026-05-07,13,3,48.08,22.0,0.0
2026-05-07,13,4,25.34,2.0,0.0
2026-05-07,13,5,26.55,3.0,0.0
2026-05-07,14,1,116.18,23.0,0.0
2026-05-07,14,2,166.33,12.0,140.0
2026-05-07,14,3,12.0,33.0,0.0
2026-05-07,14,4,63.61,7.0,0.0
2026-05-07,14,5,15.0,8.0,0.0
2026-05-07,15,1,109.4,27.0,0.0
2026-05-07,15,2,57.98,8.0,0.0
2026-05-07,15,3,120.53,28.0,0.0
2026-05-07,15,4,55.27,3.0,0.0
2026-05-07,15,5,18.0,3.0,0.0
2026-05-07,16,1,154.0,14.0,0.0
2026-05-07,16,2,142.46,6.0,0.0
2026-05-07,16,3,60.64,34.0,0.0
2026-05-07,16,4,111.4,6.0,0.0
2026-05-07,16,5,21.0,8.0,0.0
2026-05-08,2,1,312.89,41.0,0.0
2026-05-08,2,2,255.0,24.0,0.0
2026-05-08,2,3,479.25,82.0,0.0
2026-05-08,2,4,186.0,30.0,0.0
2026-05-08,2,5,141.0,16.0,0.0
2026-05-08,3,1,406.9,48.0,0.0
2026-05-08,3,2,286.0,30.0,0.0
2026-05-08,3,3,648.55,74.0,0.0
2026-05-08,3,4,206.0,18.0,0.0
2026-05-08,3,5,173.0,19.0,0.0
2026-05-08,4,1,307.0,58.0,0.0
2026-05-08,4,2,188.0,41.0,0.0
2026-05-08,4,3,363.0,120.0,0.0
2026-05-08,4,4,196.22,26.0,0.0
2026-05-08,4,5,36.0,35.0,0.0
2026-05-08,5,1,54.99,16.0,0.0
2026-05-08,5,2,111.52,2.0,0.0
2026-05-08,5,3,61.71,29.0,0.0
2026-05-08,5,4,51.23,8.0,0.0
2026-05-08,5,5,40.68,5.0,0.0
2026-05-08,6,1,65.98,21.0,0.0
2026-05-08,6,2,116.12,11.0,0.0
2026-05-08,6,3,130.53,24.0,0.0
2026-05-08,6,4,114.83,3.0,0.0
2026-05-08,6,5,68.01,5.0,0.0
2026-05-08,7,1,29.18,22.0,0.0
2026-05-08,7,2,118.98,8.0,0.0
2026-05-08,7,3,372.92,19.0,350.0
2026-05-08,7,4,114.84,12.0,112.0
2026-05-08,7,5,47.22,7.0,0.0
2026-05-08,8,1,226.13,17.0,210.0
2026-05-08,8,2,44.14,12.0,0.0
2026-05-08,8,3,248.19,26.0,0.0
2026-05-08,8,4,84.73,6.0,0.0
2026-05-08,8,5,68.29,7.0,0.0
2026-05-08,9,1,156.53,18.0,0.0
2026-05-08,9,2,52.6,10.0,0.0
2026-05-08,9,3,95.35,32.0,0.0
2026-05-08,9,4,117.1,11.0,112.0
2026-05-08,9,5,61.04,3.0,0.0
2026-05-08,10,1,233.55,10.0,210.0
2026-05-08,10,2,134.55,8.0,0.0
2026-05-08,10,3,110.84,27.0,0.0
2026-05-08,10,4,51.19,8.0,0.0
2026-05-08,10,5,70.44,4.0,0.0
2026-05-08,11,1,149.75,20.0,0.0
2026-05-08,11,2,132.45,6.0,0.0
2026-05-08,11,3,43.45,19.0,0.0
2026-05-08,11,4,32.35,12.0,0.0
2026-05-08,11,5,55.79,7.0,0.0
2026-05-08,12,1,144.46,5.0,0.0
2026-05-08,12,2,155.57,11.0,140.0
2026-05-08,12,3,355.83,20.0,350.0
2026-05-08,12,4,99.03,13.0,0.0
2026-05-08,12,5,50.54,2.0,0.0
2026-05-08,13,1,214.99,20.0,210.0
2026-05-08,13,2,158.74,14.0,140.0
2026-05-08,13,3,378.08,20.0,350.0
2026-05-08,13,4,132.34,5.0,112.0
2026-05-08,13,5,23.55,3.0,0.0
2026-05-08,14,1,99.18,17.0,0.0
2026-05-08,14,2,155.33,11.0,0.0
2026-05-08,14,3,319.0,43.0,350.0
2026-05-08,14,4,58.61,5.0,0.0
2026-05-08,14,5,4.0,11.0,0.0
2026-05-08,15,1,85.4,24.0,0.0
2026-05-08,15,2,50.98,7.0,0.0
2026-05-08,15,3,86.53,34.0,0.0
2026-05-08,15,4,48.27,7.0,0.0
2026-05-08,15,5,10.0,8.0,0.0
2026-05-08,16,1,134.0,20.0,0.0
2026-05-08,16,2,130.46,12.0,0.0
2026-05-08,16,3,27.64,33.0,0.0
2026-05-08,16,4,103.4,8.0,0.0
2026-05-08,16,5,11.0,10.0,0.0
2026-05-09,2,1,269.89,43.0,0.0
2026-05-09,2,2,225.0,30.0,0.0
2026-05-09,2,3,411.25,68.0,0.0
2026-05-09,2,4,169.0,17.0,0.0
2026-05-09,2,5,127.0,14.0,0.0
2026-05-09,3,1,372.9,34.0,0.0
2026-05-09,3,2,264.0,22.0,0.0
2026-05-09,3,3,574.55,74.0,0.0
2026-05-09,3,4,182.0,24.0,0.0
2026-05-09,3,5,160.0,13.0,0.0
2026-05-09,4,1,252.0,55.0,0.0
2026-05-09,4,2,158.0,30.0,0.0
2026-05-09,4,3,270.0,93.0,0.0
2026-05-09,4,4,174.22,22.0,0.0
2026-05-09,4,5,12.0,24.0,0.0
2026-05-09,5,1,33.99,21.0,0.0
2026-05-09,5,2,103.52,8.0,0.0
2026-05-09,5,3,35.71,26.0,0.0
2026-05-09,5,4,43.23,8.0,0.0
2026-05-09,5,5,38.68,2.0,0.0
2026-05-09,6,1,51.98,14.0,0.0
2026-05-09,6,2,108.12,8.0,0.0
2026-05-09,6,3,112.53,18.0,0.0
2026-05-09,6,4,108.83,6.0,0.0
2026-05-09,6,5,63.01,5.0,0.0
2026-05-09,7,1,224.18,15.0,210.0
2026-05-09,7,2,116.98,2.0,0.0
2026-05-09,7,3,353.92,19.0,0.0
2026-05-09,7,4,107.84,7.0,0.0
2026-05-09,7,5,42.22,5.0,0.0
2026-05-09,8,1,209.13,17.0,0.0
2026-05-09,8,2,33.14,11.0,0.0
2026-05-09,8,3,222.19,26.0,0.0
2026-05-09,8,4,76.73,8.0,0.0
2026-05-09,8,5,62.29,6.0,0.0
2026-05-09,9,1,146.53,10.0,0.0
2026-05-09,9,2,40.6,12.0,0.0
2026-05-09,9,3,70.35,25.0,0.0
2026-05-09,9,4,111.1,6.0,0.0
2026-05-09,9,5,57.04,4.0,0.0
2026-05-09,10,1,219.55,14.0,0.0
2026-05-09,10,2,127.55,7.0,0.0
2026-05-09,10,3,90.84,20.0,0.0
2026-05-09,10,4,44.19,7.0,0.0
2026-05-09,10,5,65.44,5.0,0.0
2026-05-09,11,1,133.75,16.0,0.0
2026-05-09,11,2,126.45,6.0,0.0
2026-05-09,11,3,371.45,22.0,350.0
2026-05-09,11,4,21.35,11.0,0.0
2026-05-09,11,5,50.79,5.0,0.0
2026-05-09,12,1,128.46,16.0,0.0
2026-05-09,12,2,146.57,9.0,0.0
2026-05-09,12,3,334.83,21.0,0.0
2026-05-09,12,4,94.03,5.0,0.0
2026-05-09,12,5,48.54,2.0,0.0
2026-05-09,13,1,200.99,14.0,0.0
2026-05-09,13,2,150.74,8.0,0.0
2026-05-09,13,3,361.08,17.0,0.0
2026-05-09,13,4,124.34,8.0,0.0
2026-05-09,13,5,86.55,7.0,70.0
2026-05-09,14,1,82.18,17.0,0.0
2026-05-09,14,2,145.33,10.0,0.0
2026-05-09,14,3,285.0,34.0,0.0
2026-05-09,14,4,53.61,5.0,0.0
2026-05-09,14,5,0.0,4.0,0.0
2026-05-09,15,1,67.4,18.0,0.0
2026-05-09,15,2,39.98,11.0,0.0
2026-05-09,15,3,54.53,32.0,0.0
2026-05-09,15,4,41.27,7.0,0.0
2026-05-09,15,5,0.0,10.0,0.0
2026-05-09,16,1,119.0,15.0,0.0
2026-05-09,16,2,125.46,5.0,0.0
2026-05-09,16,3,348.64,29.0,350.0
2026-05-09,16,4,97.4,6.0,0.0
2026-05-09,16,5,5.0,6.0,0.0
2026-05-10,2,1,229.89,40.0,0.0
2026-05-10,2,2,203.0,22.0,0.0
2026-05-10,2,3,347.25,64.0,0.0
2026-05-10,2,4,154.0,15.0,0.0
2026-05-10,2,5,112.0,15.0,0.0
2026-05-10,3,1,324.9,48.0,0.0
2026-05-10,3,2,246.0,18.0,0.0
2026-05-10,3,3,495.55,79.0,0.0
2026-05-10,3,4,157.0,25.0,0.0
2026-05-10,3,5,147.0,13.0,0.0
2026-05-10,4,1,209.0,43.0,0.0
2026-05-10,4,2,134.0,24.0,0.0
2026-05-10,4,3,174.0,96.0,0.0
2026-05-10,4,4,154.22,20.0,0.0
2026-05-10,4,5,0.0,12.0,0.0
2026-05-10,5,1,18.99,15.0,0.0
2026-05-10,5,2,102.52,1.0,0.0
2026-05-10,5,3,368.71,17.0,350.0
2026-05-10,5,4,30.23,13.0,0.0
2026-05-10,5,5,35.68,3.0,0.0
2026-05-10,6,1,39.98,12.0,0.0
2026-05-10,6,2,102.12,6.0,0.0
2026-05-10,6,3,92.53,20.0,0.0
2026-05-10,6,4,103.83,5.0,0.0
2026-05-10,6,5,61.01,2.0,0.0
2026-05-10,7,1,207.18,17.0,0.0
2026-05-10,7,2,109.98,7.0,0.0
2026-05-10,7,3,325.92,28.0,0.0
2026-05-10,7,4,103.84,4.0,0.0
2026-05-10,7,5,39.22,3.0,0.0
2026-05-10,8,1,201.13,8.0,0.0
2026-05-10,8,2,24.14,9.0,0.0
2026-05-10,8,3,201.19,21.0,0.0
2026-05-10,8,4,67.73,9.0,0.0
2026-05-10,8,5,57.29,5.0,0.0
2026-05-10,9,1,137.53,9.0,0.0
2026-05-10,9,2,34.6,6.0,0.0
2026-05-10,9,3,52.35,18.0,0.0
2026-05-10,9,4,100.1,11.0,0.0
2026-05-10,9,5,53.04,4.0,0.0
2026-05-10,10,1,203.55,16.0,0.0
2026-05-10,10,2,118.55,9.0,0.0
2026-05-10,10,3,58.84,32.0,0.0
2026-05-10,10,4,39.19,5.0,0.0
2026-05-10,10,5,59.44,6.0,0.0
2026-05-10,11,1,128.75,5.0,0.0
2026-05-10,11,2,116.45,10.0,0.0
2026-05-10,11,3,350.45,21.0,0.0
2026-05-10,11,4,19.35,2.0,0.0
2026-05-10,11,5,46.79,4.0,0.0
2026-05-10,12,1,108.46,20.0,0.0
2026-05-10,12,2,140.57,6.0,0.0
2026-05-10,12,3,310.83,24.0,0.0
2026-05-10,12,4,85.03,9.0,0.0
2026-05-10,12,5,46.54,2.0,0.0
2026-05-10,13,1,192.99,8.0,0.0
2026-05-10,13,2,139.74,11.0,0.0
2026-05-10,13,3,334.08,27.0,0.0
2026-05-10,13,4,118.34,6.0,0.0
2026-05-10,13,5,82.55,4.0,0.0
2026-05-10,14,1,62.18,20.0,0.0
2026-05-10,14,2,135.33,10.0,0.0
2026-05-10,14,3,260.0,25.0,0.0
2026-05-10,14,4,45.61,8.0,0.0
2026-05-10,14,5,0.0,0.0,0.0
2026-05-10,15,1,47.4,20.0,0.0
2026-05-10,15,2,166.98,13.0,140.0
2026-05-10,15,3,29.53,25.0,0.0
2026-05-10,15,4,33.27,8.0,0.0
2026-05-10,15,5,65.0,5.0,70.0
2026-05-10,16,1,104.0,15.0,0.0
2026-05-10,16,2,112.46,13.0,0.0
2026-05-10,16,3,315.64,33.0,0.0
2026-05-10,16,4,92.4,5.0,0.0
2026-05-10,16,5,0.0,5.0,0.0
2026-05-11,2,1,184.89,45.0,0.0
2026-05-11,2,2,174.0,29.0,0.0
2026-05-11,2,3,264.25,83.0,0.0
2026-05-11,2,4,130.0,24.0,0.0
2026-05-11,2,5,93.0,19.0,0.0
2026-05-11,3,1,278.9,46.0,0.0
2026-05-11,3,2,214.0,32.0,0.0
2026-05-11,3,3,429.55,66.0,0.0
2026-05-11,3,4,145.0,12.0,0.0
2026-05-11,3,5,135.0,12.0,0.0
2026-05-11,4,1,152.0,57.0,0.0
2026-05-11,4,2,99.0,35.0,0.0
2026-05-11,4,3,90.0,84.0,0.0
2026-05-11,4,4,132.22,22.0,0.0
2026-05-11,4,5,0.0,0.0,0.0
2026-05-11,5,1,213.99,15.0,210.0
2026-05-11,5,2,95.52,7.0,0.0
2026-05-11,5,3,337.71,31.0,0.0
2026-05-11,5,4,24.23,6.0,0.0
2026-05-11,5,5,30.68,5.0,0.0
2026-05-11,6,1,229.98,20.0,210.0
2026-05-11,6,2,87.12,15.0,0.0
2026-05-11,6,3,67.53,25.0,0.0
2026-05-11,6,4,96.83,7.0,0.0
2026-05-11,6,5,58.01,3.0,0.0
2026-05-11,7,1,181.18,26.0,0.0
2026-05-11,7,2,102.98,7.0,0.0
2026-05-11,7,3,305.92,20.0,0.0
2026-05-11,7,4,100.84,3.0,0.0
2026-05-11,7,5,27.22,12.0,0.0
2026-05-11,8,1,192.13,9.0,0.0
2026-05-11,8,2,155.14,9.0,140.0
2026-05-11,8,3,176.19,25.0,0.0
2026-05-11,8,4,60.73,7.0,0.0
2026-05-11,8,5,53.29,4.0,0.0
2026-05-11,9,1,117.53,20.0,0.0
2026-05-11,9,2,168.6,6.0,140.0
2026-05-11,9,3,376.35,26.0,350.0
2026-05-11,9,4,93.1,7.0,0.0
2026-05-11,9,5,44.04,9.0,0.0
2026-05-11,10,1,192.55,11.0,0.0
2026-05-11,10,2,108.55,10.0,0.0
2026-05-11,10,3,29.84,29.0,0.0
2026-05-11,10,4,34.19,5.0,0.0
2026-05-11,10,5,57.44,2.0,0.0
2026-05-11,11,1,110.75,18.0,0.0
2026-05-11,11,2,101.45,15.0,0.0
2026-05-11,11,3,322.45,28.0,0.0
2026-05-11,11,4,124.35,7.0,112.0
2026-05-11,11,5,43.79,3.0,0.0
2026-05-11,12,1,92.46,16.0,0.0
2026-05-11,12,2,128.57,12.0,0.0
2026-05-11,12,3,290.83,20.0,0.0
2026-05-11,12,4,73.03,12.0,0.0
2026-05-11,12,5,41.54,5.0,0.0
2026-05-11,13,1,181.99,11.0,0.0
2026-05-11,13,2,132.74,7.0,0.0
2026-05-11,13,3,303.08,31.0,0.0
2026-05-11,13,4,108.34,10.0,0.0
2026-05-11,13,5,79.55,3.0,0.0
2026-05-11,14,1,47.18,15.0,0.0
2026-05-11,14,2,126.33,9.0,0.0
2026-05-11,14,3,231.0,29.0,0.0
2026-05-11,14,4,39.61,6.0,0.0
2026-05-11,14,5,64.0,6.0,70.0
2026-05-11,15,1,31.4,16.0,0.0
2026-05-11,15,2,157.98,9.0,0.0
2026-05-11,15,3,348.53,31.0,350.0
2026-05-11,15,4,19.27,14.0,0.0
2026-05-11,15,5,65.0,0.0,0.0
2026-05-11,16,1,80.0,24.0,0.0
2026-05-11,16,2,94.46,18.0,0.0
2026-05-11,16,3,278.64,37.0,0.0
2026-05-11,16,4,85.4,7.0,0.0
2026-05-11,16,5,64.0,6.0,70.0
2026-05-12,2,1,132.89,52.0,0.0
2026-05-12,2,2,144.0,30.0,0.0
2026-05-12,2,3,179.25,85.0,0.0
2026-05-12,2,4,104.0,26.0,0.0
2026-05-12,2,5,74.0,19.0,0.0
2026-05-12,3,1,243.9,35.0,0.0
2026-05-12,3,2,184.0,30.0,0.0
2026-05-12,3,3,361.55,68.0,0.0
2026-05-12,3,4,122.0,23.0,0.0
2026-05-12,3,5,119.0,16.0,0.0
2026-05-12,4,1,93.0,59.0,0.0
2026-05-12,4,2,71.0,28.0,0.0
2026-05-12,4,3,1041.0,99.0,1050.0
2026-05-12,4,4,108.22,24.0,0.0
2026-05-12,4,5,192.0,18.0,210.0
2026-05-12,5,1,199.99,14.0,0.0
2026-05-12,5,2,84.52,11.0,0.0
2026-05-12,5,3,315.71,22.0,0.0
2026-05-12,5,4,13.23,11.0,0.0
2026-05-12,5,5,25.68,5.0,0.0
2026-05-12,6,1,214.98,15.0,0.0
2026-05-12,6,2,72.12,15.0,0.0
2026-05-12,6,3,51.53,16.0,0.0
2026-05-12,6,4,87.83,9.0,0.0
2026-05-12,6,5,54.01,4.0,0.0
2026-05-12,7,1,165.18,16.0,0.0
2026-05-12,7,2,96.98,6.0,0.0
2026-05-12,7,3,272.92,33.0,0.0
2026-05-12,7,4,90.84,10.0,0.0
2026-05-12,7,5,21.22,6.0,0.0
2026-05-12,8,1,177.13,15.0,0.0
2026-05-12,8,2,143.14,12.0,0.0
2026-05-12,8,3,156.19,20.0,0.0
2026-05-12,8,4,53.73,7.0,0.0
2026-05-12,8,5,46.29,7.0,0.0
2026-05-12,9,1,101.53,16.0,0.0
2026-05-12,9,2,157.6,11.0,0.0
2026-05-12,9,3,354.35,22.0,0.0
2026-05-12,9,4,86.1,7.0,0.0
2026-05-12,9,5,39.04,5.0,0.0
2026-05-12,10,1,181.55,11.0,0.0
2026-05-12,10,2,100.55,8.0,0.0
2026-05-12,10,3,357.84,22.0,350.0
2026-05-12,10,4,29.19,5.0,0.0
2026-05-12,10,5,51.44,6.0,0.0
2026-05-12,11,1,97.75,13.0,0.0
2026-05-12,11,2,87.45,14.0,0.0
2026-05-12,11,3,303.45,19.0,0.0
2026-05-12,11,4,116.35,8.0,0.0
2026-05-12,11,5,39.79,4.0,0.0
2026-05-12,12,1,73.46,19.0,0.0
2026-05-12,12,2,120.57,8.0,0.0
2026-05-12,12,3,269.83,21.0,0.0
2026-05-12,12,4,65.03,8.0,0.0
2026-05-12,12,5,40.54,1.0,0.0
2026-05-12,13,1,171.99,10.0,0.0
2026-05-12,13,2,125.74,7.0,0.0
2026-05-12,13,3,275.08,28.0,0.0
2026-05-12,13,4,100.34,8.0,0.0
2026-05-12,13,5,79.55,0.0,0.0
2026-05-12,14,1,29.18,18.0,0.0
2026-05-12,14,2,118.33,8.0,0.0
2026-05-12,14,3,201.0,30.0,0.0
2026-05-12,14,4,34.61,5.0,0.0
2026-05-12,14,5,58.0,6.0,0.0
2026-05-12,15,1,220.4,21.0,210.0
2026-05-12,15,2,148.98,9.0,0.0
2026-05-12,15,3,324.53,24.0,0.0
2026-05-12,15,4,10.27,9.0,0.0
2026-05-12,15,5,62.0,3.0,0.0
2026-05-12,16,1,63.0,17.0,0.0
2026-05-12,16,2,81.46,13.0,0.0
2026-05-12,16,3,249.64,29.0,0.0
2026-05-12,16,4,80.4,5.0,0.0
2026-05-12,16,5,63.0,1.0,0.0
2026-05-13,2,1,87.89,45.0,0.0
2026-05-13,2,2,115.0,29.0,0.0
2026-05-13,2,3,107.25,72.0,0.0
2026-05-13,2,4,81.0,23.0,0.0
2026-05-13,2,5,60.0,14.0,0.0
2026-05-13,3,1,194.9,49.0,0.0
2026-05-13,3,2,164.0,20.0,0.0
2026-05-13,3,3,284.55,77.0,0.0
2026-05-13,3,4,103.0,19.0,0.0
2026-05-13,3,5,100.0,19.0,0.0
2026-05-13,4,1,51.0,42.0,0.0
2026-05-13,4,2,462.0,29.0,420.0
2026-05-13,4,3,954.0,87.0,0.0
2026-05-13,4,4,86.22,22.0,0.0
2026-05-13,4,5,177.0,15.0,0.0
2026-05-13,5,1,188.99,11.0,0.0
2026-05-13,5,2,75.52,9.0,0.0
2026-05-13,5,3,282.71,33.0,0.0
2026-05-13,5,4,121.23,4.0,112.0
2026-05-13,5,5,85.68,10.0,70.0
2026-05-13,6,1,200.98,14.0,0.0
2026-05-13,6,2,62.12,10.0,0.0
2026-05-13,6,3,371.53,30.0,350.0
2026-05-13,6,4,73.83,14.0,0.0
2026-05-13,6,5,50.01,4.0,0.0
2026-05-13,7,1,153.18,12.0,0.0
2026-05-13,7,2,91.98,5.0,0.0
2026-05-13,7,3,242.92,30.0,0.0
2026-05-13,7,4,84.84,6.0,0.0
2026-05-13,7,5,16.22,5.0,0.0
2026-05-13,8,1,160.13,17.0,0.0
2026-05-13,8,2,132.14,11.0,0.0
2026-05-13,8,3,131.19,25.0,0.0
2026-05-13,8,4,44.73,9.0,0.0
2026-05-13,8,5,40.29,6.0,0.0
2026-05-13,9,1,88.53,13.0,0.0
2026-05-13,9,2,150.6,7.0,0.0
2026-05-13,9,3,325.35,29.0,0.0
2026-05-13,9,4,75.1,11.0,0.0
2026-05-13,9,5,36.04,3.0,0.0
2026-05-13,10,1,162.55,19.0,0.0
2026-05-13,10,2,93.55,7.0,0.0
2026-05-13,10,3,336.84,21.0,0.0
2026-05-13,10,4,133.19,8.0,112.0
2026-05-13,10,5,45.44,6.0,0.0
2026-05-13,11,1,86.75,11.0,0.0
2026-05-13,11,2,80.45,7.0,0.0
2026-05-13,11,3,280.45,23.0,0.0
2026-05-13,11,4,111.35,5.0,0.0
2026-05-13,11,5,35.79,4.0,0.0
2026-05-13,12,1,65.46,8.0,0.0
2026-05-13,12,2,113.57,7.0,0.0
2026-05-13,12,3,241.83,28.0,0.0
2026-05-13,12,4,61.03,4.0,0.0
2026-05-13,12,5,37.54,3.0,0.0
2026-05-13,13,1,154.99,17.0,0.0
2026-05-13,13,2,118.74,7.0,0.0
2026-05-13,13,3,250.08,25.0,0.0
2026-05-13,13,4,92.34,8.0,0.0
2026-05-13,13,5,71.55,8.0,0.0
2026-05-13,14,1,215.18,24.0,210.0
2026-05-13,14,2,110.33,8.0,0.0
2026-05-13,14,3,174.0,27.0,0.0
2026-05-13,14,4,28.61,6.0,0.0
2026-05-13,14,5,54.0,4.0,0.0
2026-05-13,15,1,201.4,19.0,0.0
2026-05-13,15,2,135.98,13.0,0.0
2026-05-13,15,3,306.53,18.0,0.0
2026-05-13,15,4,116.27,6.0,112.0
2026-05-13,15,5,59.0,3.0,0.0
2026-05-13,16,1,42.0,21.0,0.0
2026-05-13,16,2,67.46,14.0,0.0
2026-05-13,16,3,223.64,26.0,0.0
2026-05-13,16,4,72.4,8.0,0.0
2026-05-13,16,5,57.0,6.0,0.0
2026-05-14,2,1,685.89,32.0,630.0
2026-05-14,2,2,83.0,32.0,0.0
2026-05-14,2,3,1062.25,95.0,1050.0
2026-05-14,2,4,62.0,19.0,0.0
2026-05-14,2,5,256.0,14.0,210.0
2026-05-14,3,1,148.9,46.0,0.0
2026-05-14,3,2,139.0,25.0,0.0
2026-05-14,3,3,218.55,66.0,0.0
2026-05-14,3,4,82.0,21.0,0.0
2026-05-14,3,5,92.0,8.0,0.0
2026-05-14,4,1,617.0,64.0,630.0
2026-05-14,4,2,422.0,40.0,0.0
2026-05-14,4,3,865.0,89.0,0.0
2026-05-14,4,4,64.22,22.0,0.0
2026-05-14,4,5,161.0,16.0,0.0
2026-05-14,5,1,166.99,22.0,0.0
2026-05-14,5,2,65.52,10.0,0.0
2026-05-14,5,3,257.71,25.0,0.0
2026-05-14,5,4,114.23,7.0,0.0
2026-05-14,5,5,83.68,2.0,0.0
2026-05-14,6,1,183.98,17.0,0.0
2026-05-14,6,2,51.12,11.0,0.0
2026-05-14,6,3,347.53,24.0,0.0
2026-05-14,6,4,66.83,7.0,0.0
2026-05-14,6,5,45.01,5.0,0.0
2026-05-14,7,1,144.18,9.0,0.0
2026-05-14,7,2,80.98,11.0,0.0
2026-05-14,7,3,211.92,31.0,0.0
2026-05-14,7,4,75.84,9.0,0.0
2026-05-14,7,5,10.22,6.0,0.0
2026-05-14,8,1,146.13,14.0,0.0
2026-05-14,8,2,123.14,9.0,0.0
2026-05-14,8,3,92.19,39.0,0.0
2026-05-14,8,4,35.73,9.0,0.0
2026-05-14,8,5,36.29,4.0,0.0
2026-05-14,9,1,78.53,10.0,0.0
2026-05-14,9,2,145.6,5.0,0.0
2026-05-14,9,3,303.35,22.0,0.0
2026-05-14,9,4,67.1,8.0,0.0
2026-05-14,9,5,34.04,2.0,0.0
2026-05-14,10,1,146.55,16.0,0.0
2026-05-14,10,2,83.55,10.0,0.0
2026-05-14,10,3,315.84,21.0,0.0
2026-05-14,10,4,124.19,9.0,0.0
2026-05-14,10,5,39.44,6.0,0.0
2026-05-14,11,1,66.75,20.0,0.0
2026-05-14,11,2,64.45,16.0,0.0
2026-05-14,11,3,261.45,19.0,0.0
2026-05-14,11,4,100.35,11.0,0.0
2026-05-14,11,5,30.79,5.0,0.0
2026-05-14,12,1,51.46,14.0,0.0
2026-05-14,12,2,107.57,6.0,0.0
2026-05-14,12,3,204.83,37.0,0.0
2026-05-14,12,4,56.03,5.0,0.0
2026-05-14,12,5,34.54,3.0,0.0
2026-05-14,13,1,139.99,15.0,0.0
2026-05-14,13,2,108.74,10.0,0.0
2026-05-14,13,3,223.08,27.0,0.0
2026-05-14,13,4,88.34,4.0,0.0
2026-05-14,13,5,70.55,1.0,0.0
2026-05-14,14,1,199.18,16.0,0.0
2026-05-14,14,2,98.33,12.0,0.0
2026-05-14,14,3,158.0,16.0,0.0
2026-05-14,14,4,125.61,15.0,112.0
2026-05-14,14,5,46.0,8.0,0.0
2026-05-14,15,1,187.4,14.0,0.0
2026-05-14,15,2,125.98,10.0,0.0
2026-05-14,15,3,277.53,29.0,0.0
2026-05-14,15,4,103.27,13.0,0.0
2026-05-14,15,5,51.0,8.0,0.0
2026-05-14,16,1,37.0,5.0,0.0
2026-05-14,16,2,57.46,10.0,0.0
2026-05-14,16,3,188.64,35.0,0.0
2026-05-14,16,4,60.4,12.0,0.0
2026-05-14,16,5,50.0,7.0,0.0
2026-05-15,2,1,638.89,47.0,0.0
2026-05-15,2,2,474.0,29.0,420.0
2026-05-15,2,3,982.25,80.0,0.0
2026-05-15,2,4,378.0,20.0,336.0
2026-05-15,2,5,242.0,14.0,0.0
2026-05-15,3,1,99.9,49.0,0.0
2026-05-15,3,2,111.0,28.0,0.0
2026-05-15,3,3,135.55,83.0,0.0
2026-05-15,3,4,52.0,30.0,0.0
2026-05-15,3,5,75.0,17.0,0.0
2026-05-15,4,1,563.0,54.0,0.0
2026-05-15,4,2,386.0,36.0,0.0
2026-05-15,4,3,783.0,82.0,0.0
2026-05-15,4,4,383.22,17.0,336.0
2026-05-15,4,5,143.0,18.0,0.0
2026-05-15,5,1,154.99,12.0,0.0
2026-05-15,5,2,56.52,9.0,0.0
2026-05-15,5,3,231.71,26.0,0.0
2026-05-15,5,4,104.23,10.0,0.0
2026-05-15,5,5,78.68,5.0,0.0
2026-05-15,6,1,162.98,21.0,0.0
2026-05-15,6,2,38.12,13.0,0.0
2026-05-15,6,3,326.53,21.0,0.0
2026-05-15,6,4,59.83,7.0,0.0
2026-05-15,6,5,43.01,2.0,0.0
2026-05-15,7,1,120.18,24.0,0.0
2026-05-15,7,2,73.98,7.0,0.0
2026-05-15,7,3,188.92,23.0,0.0
2026-05-15,7,4,66.84,9.0,0.0
2026-05-15,7,5,78.22,2.0,70.0
2026-05-15,8,1,138.13,8.0,0.0
2026-05-15,8,2,111.14,12.0,0.0
2026-05-15,8,3,63.19,29.0,0.0
2026-05-15,8,4,29.73,6.0,0.0
2026-05-15,8,5,32.29,4.0,0.0
2026-05-15,9,1,60.53,18.0,0.0
2026-05-15,9,2,135.6,10.0,0.0
2026-05-15,9,3,276.35,27.0,0.0
2026-05-15,9,4,61.1,6.0,0.0
2026-05-15,9,5,31.04,3.0,0.0
2026-05-15,10,1,129.55,17.0,0.0
2026-05-15,10,2,73.55,10.0,0.0
2026-05-15,10,3,292.84,23.0,0.0
2026-05-15,10,4,114.19,10.0,0.0
2026-05-15,10,5,29.44,10.0,0.0
2026-05-15,11,1,53.75,13.0,0.0
2026-05-15,11,2,56.45,8.0,0.0
2026-05-15,11,3,236.45,25.0,0.0
2026-05-15,11,4,94.35,6.0,0.0
2026-05-15,11,5,25.79,5.0,0.0
2026-05-15,12,1,33.46,18.0,0.0
2026-05-15,12,2,91.57,16.0,0.0
2026-05-15,12,3,174.83,30.0,0.0
2026-05-15,12,4,47.03,9.0,0.0
2026-05-15,12,5,99.54,5.0,70.0
2026-05-15,13,1,121.99,18.0,0.0
2026-05-15,13,2,100.74,8.0,0.0
2026-05-15,13,3,199.08,24.0,0.0
2026-05-15,13,4,76.34,12.0,0.0
2026-05-15,13,5,66.55,4.0,0.0
2026-05-15,14,1,179.18,20.0,0.0
2026-05-15,14,2,89.33,9.0,0.0
2026-05-15,14,3,128.0,30.0,0.0
2026-05-15,14,4,120.61,5.0,0.0
2026-05-15,14,5,41.0,5.0,0.0
2026-05-15,15,1,169.4,18.0,0.0
2026-05-15,15,2,114.98,11.0,0.0
2026-05-15,15,3,265.53,12.0,0.0
2026-05-15,15,4,97.27,6.0,0.0
2026-05-15,15,5,47.0,4.0,0.0
2026-05-15,16,1,227.0,20.0,210.0
2026-05-15,16,2,51.46,6.0,0.0
2026-05-15,16,3,169.64,19.0,0.0
2026-05-15,16,4,54.4,6.0,0.0
2026-05-15,16,5,44.0,6.0,0.0
2026-05-16,2,1,607.89,31.0,0.0
2026-05-16,2,2,447.0,27.0,0.0
2026-05-16,2,3,916.25,66.0,0.0
2026-05-16,2,4,365.0,13.0,0.0
2026-05-16,2,5,231.0,11.0,0.0
2026-05-16,3,1,693.9,36.0,630.0
2026-05-16,3,2,497.0,34.0,420.0
2026-05-16,3,3,1129.55,56.0,1050.0
2026-05-16,3,4,371.0,17.0,336.0
2026-05-16,3,5,64.0,11.0,0.0
2026-05-16,4,1,530.0,33.0,0.0
2026-05-16,4,2,362.0,24.0,0.0
2026-05-16,4,3,725.0,58.0,0.0
2026-05-16,4,4,354.22,29.0,0.0
2026-05-16,4,5,134.0,9.0,0.0
2026-05-16,5,1,139.99,15.0,0.0
2026-05-16,5,2,46.52,10.0,0.0
2026-05-16,5,3,202.71,29.0,0.0
2026-05-16,5,4,95.23,9.0,0.0
2026-05-16,5,5,72.68,6.0,0.0
2026-05-16,6,1,154.98,8.0,0.0
2026-05-16,6,2,28.12,10.0,0.0
2026-05-16,6,3,298.53,28.0,0.0
2026-05-16,6,4,55.83,4.0,0.0
2026-05-16,6,5,38.01,5.0,0.0
2026-05-16,7,1,100.18,20.0,0.0
2026-05-16,7,2,68.98,5.0,0.0
2026-05-16,7,3,162.92,26.0,0.0
2026-05-16,7,4,61.84,5.0,0.0
2026-05-16,7,5,74.22,4.0,0.0
2026-05-16,8,1,127.13,11.0,0.0
2026-05-16,8,2,108.14,3.0,0.0
2026-05-16,8,3,36.19,27.0,0.0
2026-05-16,8,4,27.73,2.0,0.0
2026-05-16,8,5,29.29,3.0,0.0
2026-05-16,9,1,47.53,13.0,0.0
2026-05-16,9,2,129.6,6.0,0.0
2026-05-16,9,3,257.35,19.0,0.0
2026-05-16,9,4,57.1,4.0,0.0
2026-05-16,9,5,26.04,5.0,0.0
2026-05-16,10,1,118.55,11.0,0.0
2026-05-16,10,2,66.55,7.0,0.0
2026-05-16,10,3,264.84,28.0,0.0
2026-05-16,10,4,106.19,8.0,0.0
2026-05-16,10,5,21.44,8.0,0.0
2026-05-16,11,1,37.75,16.0,0.0
2026-05-16,11,2,51.45,5.0,0.0
2026-05-16,11,3,214.45,22.0,0.0
2026-05-16,11,4,83.35,11.0,0.0
2026-05-16,11,5,92.79,3.0,70.0
2026-05-16,12,1,229.46,14.0,210.0
2026-05-16,12,2,80.57,11.0,0.0
2026-05-16,12,3,158.83,16.0,0.0
2026-05-16,12,4,44.03,3.0,0.0
2026-05-16,12,5,95.54,4.0,0.0
2026-05-16,13,1,113.99,8.0,0.0
2026-05-16,13,2,92.74,8.0,0.0
2026-05-16,13,3,168.08,31.0,0.0
2026-05-16,13,4,71.34,5.0,0.0
2026-05-16,13,5,62.55,4.0,0.0
2026-05-16,14,1,159.18,20.0,0.0
2026-05-16,14,2,82.33,7.0,0.0
2026-05-16,14,3,101.0,27.0,0.0
2026-05-16,14,4,114.61,6.0,0.0
2026-05-16,14,5,37.0,4.0,0.0
2026-05-16,15,1,157.4,12.0,0.0
2026-05-16,15,2,104.98,10.0,0.0
2026-05-16,15,3,244.53,21.0,0.0
2026-05-16,15,4,90.27,7.0,0.0
2026-05-16,15,5,41.0,6.0,0.0
2026-05-16,16,1,220.0,7.0,0.0
2026-05-16,16,2,36.46,15.0,0.0
2026-05-16,16,3,146.64,23.0,0.0
2026-05-16,16,4,49.4,5.0,0.0
2026-05-16,16,5,41.0,3.0,0.0
2026-05-17,2,1,574.89,33.0,0.0
2026-05-17,2,2,414.0,33.0,0.0
2026-05-17,2,3,842.25,74.0,0.0
2026-05-17,2,4,338.0,27.0,0.0
2026-05-17,2,5,215.0,16.0,0.0
2026-05-17,3,1,658.9,35.0,0.0
2026-05-17,3,2,479.0,18.0,0.0
2026-05-17,3,3,1065.55,64.0,0.0
2026-05-17,3,4,353.0,18.0,0.0
2026-05-17,3,5,261.0,13.0,210.0
2026-05-17,4,1,485.0,45.0,0.0
2026-05-17,4,2,342.0,20.0,0.0
2026-05-17,4,3,647.0,78.0,0.0
2026-05-17,4,4,340.22,14.0,0.0
2026-05-17,4,5,125.0,9.0,0.0
2026-05-17,5,1,123.99,16.0,0.0
2026-05-17,5,2,38.52,8.0,0.0
2026-05-17,5,3,187.71,15.0,0.0
2026-05-17,5,4,88.23,7.0,0.0
2026-05-17,5,5,72.68,0.0,0.0
2026-05-17,6,1,140.98,14.0,0.0
2026-05-17,6,2,160.12,8.0,140.0
2026-05-17,6,3,277.53,21.0,0.0
2026-05-17,6,4,46.83,9.0,0.0
2026-05-17,6,5,33.01,5.0,0.0
2026-05-17,7,1,88.18,12.0,0.0
2026-05-17,7,2,65.98,3.0,0.0
2026-05-17,7,3,143.92,19.0,0.0
2026-05-17,7,4,49.84,12.0,0.0
2026-05-17,7,5,66.22,8.0,0.0
2026-05-17,8,1,121.13,6.0,0.0
2026-05-17,8,2,97.14,11.0,0.0
2026-05-17,8,3,375.19,11.0,350.0
2026-05-17,8,4,134.73,5.0,112.0
2026-05-17,8,5,21.29,8.0,0.0
2026-05-17,9,1,33.53,14.0,0.0
2026-05-17,9,2,122.6,7.0,0.0
2026-05-17,9,3,230.35,27.0,0.0
2026-05-17,9,4,47.1,10.0,0.0
2026-05-17,9,5,21.04,5.0,0.0
2026-05-17,10,1,109.55,9.0,0.0
2026-05-17,10,2,60.55,6.0,0.0
2026-05-17,10,3,239.84,25.0,0.0
2026-05-17,10,4,98.19,8.0,0.0
2026-05-17,10,5,13.44,8.0,0.0
2026-05-17,11,1,239.75,8.0,210.0
2026-05-17,11,2,43.45,8.0,0.0
2026-05-17,11,3,201.45,13.0,0.0
2026-05-17,11,4,72.35,11.0,0.0
2026-05-17,11,5,86.79,6.0,0.0
2026-05-17,12,1,215.46,14.0,0.0
2026-05-17,12,2,62.57,18.0,0.0
2026-05-17,12,3,140.83,18.0,0.0
2026-05-17,12,4,40.03,4.0,0.0
2026-05-17,12,5,90.54,5.0,0.0
2026-05-17,13,1,99.99,14.0,0.0
2026-05-17,13,2,85.74,7.0,0.0
2026-05-17,13,3,147.08,21.0,0.0
2026-05-17,13,4,68.34,3.0,0.0
2026-05-17,13,5,56.55,6.0,0.0
2026-05-17,14,1,144.18,15.0,0.0
2026-05-17,14,2,74.33,8.0,0.0
2026-05-17,14,3,87.0,14.0,0.0
2026-05-17,14,4,111.61,3.0,0.0
2026-05-17,14,5,36.0,1.0,0.0
2026-05-17,15,1,142.4,15.0,0.0
2026-05-17,15,2,98.98,6.0,0.0
2026-05-17,15,3,235.53,9.0,0.0
2026-05-17,15,4,78.27,12.0,0.0
2026-05-17,15,5,36.0,5.0,0.0
2026-05-17,16,1,210.0,10.0,0.0
2026-05-17,16,2,31.46,5.0,0.0
2026-05-17,16,3,117.64,29.0,0.0
2026-05-17,16,4,46.4,3.0,0.0
2026-05-17,16,5,39.0,2.0,0.0
2026-05-18,2,1,531.89,43.0,0.0
2026-05-18,2,2,387.0,27.0,0.0
2026-05-18,2,3,756.25,86.0,0.0
2026-05-18,2,4,309.0,29.0,0.0
2026-05-18,2,5,204.0,11.0,0.0
2026-05-18,3,1,609.9,49.0,0.0
2026-05-18,3,2,444.0,35.0,0.0
2026-05-18,3,3,987.55,78.0,0.0
2026-05-18,3,4,333.0,20.0,0.0
2026-05-18,3,5,254.0,7.0,0.0
2026-05-18,4,1,439.0,46.0,0.0
2026-05-18,4,2,309.0,33.0,0.0
2026-05-18,4,3,588.0,59.0,0.0
2026-05-18,4,4,320.22,20.0,0.0
2026-05-18,4,5,112.0,13.0,0.0
2026-05-18,5,1,108.99,15.0,0.0
2026-05-18,5,2,30.52,8.0,0.0
2026-05-18,5,3,166.71,21.0,0.0
2026-05-18,5,4,78.23,10.0,0.0
2026-05-18,5,5,68.68,4.0,0.0
2026-05-18,6,1,120.98,20.0,0.0
2026-05-18,6,2,150.12,10.0,0.0
2026-05-18,6,3,252.53,25.0,0.0
2026-05-18,6,4,37.83,9.0,0.0
2026-05-18,6,5,20.01,13.0,0.0
2026-05-18,7,1,76.18,12.0,0.0
2026-05-18,7,2,53.98,12.0,0.0
2026-05-18,7,3,122.92,21.0,0.0
2026-05-18,7,4,46.84,3.0,0.0
2026-05-18,7,5,58.22,8.0,0.0
2026-05-18,8,1,106.13,15.0,0.0
2026-05-18,8,2,91.14,6.0,0.0
2026-05-18,8,3,351.19,24.0,0.0
2026-05-18,8,4,124.73,10.0,0.0
2026-05-18,8,5,15.29,6.0,0.0
2026-05-18,9,1,226.53,17.0,210.0
2026-05-18,9,2,108.6,14.0,0.0
2026-05-18,9,3,209.35,21.0,0.0
2026-05-18,9,4,40.1,7.0,0.0
2026-05-18,9,5,84.04,7.0,70.0
2026-05-18,10,1,95.55,14.0,0.0
2026-05-18,10,2,52.55,8.0,0.0
2026-05-18,10,3,210.84,29.0,0.0
2026-05-18,10,4,92.19,6.0,0.0
2026-05-18,10,5,9.44,4.0,0.0
2026-05-18,11,1,225.75,14.0,0.0
2026-05-18,11,2,32.45,11.0,0.0
2026-05-18,11,3,179.45,22.0,0.0
2026-05-18,11,4,65.35,7.0,0.0
2026-05-18,11,5,80.79,6.0,0.0
2026-05-18,12,1,207.46,8.0,0.0
2026-05-18,12,2,47.57,15.0,0.0
2026-05-18,12,3,115.83,25.0,0.0
2026-05-18,12,4,38.03,2.0,0.0
2026-05-18,12,5,84.54,6.0,0.0
2026-05-18,13,1,84.99,15.0,0.0
2026-05-18,13,2,78.74,7.0,0.0
2026-05-18,13,3,123.08,24.0,0.0
2026-05-18,13,4,62.34,6.0,0.0
2026-05-18,13,5,51.55,5.0,0.0
2026-05-18,14,1,127.18,17.0,0.0
2026-05-18,14,2,67.33,7.0,0.0
2026-05-18,14,3,61.0,26.0,0.0
2026-05-18,14,4,105.61,6.0,0.0
2026-05-18,14,5,28.0,8.0,0.0
2026-05-18,15,1,127.4,15.0,0.0
2026-05-18,15,2,90.98,8.0,0.0
2026-05-18,15,3,210.53,25.0,0.0
2026-05-18,15,4,73.27,5.0,0.0
2026-05-18,15,5,30.0,6.0,0.0
2026-05-18,16,1,194.0,16.0,0.0
2026-05-18,16,2,162.46,9.0,140.0
2026-05-18,16,3,85.64,32.0,0.0
2026-05-18,16,4,38.4,8.0,0.0
2026-05-18,16,5,30.0,9.0,0.0
2026-05-19,2,1,478.89,53.0,0.0
2026-05-19,2,2,360.0,27.0,0.0
2026-05-19,2,3,694.25,62.0,0.0
2026-05-19,2,4,285.0,24.0,0.0
2026-05-19,2,5,189.0,15.0,0.0
2026-05-19,3,1,569.9,40.0,0.0
2026-05-19,3,2,421.0,23.0,0.0
2026-05-19,3,3,909.55,78.0,0.0
2026-05-19,3,4,311.0,22.0,0.0
2026-05-19,3,5,240.0,14.0,0.0
2026-05-19,4,1,378.0,61.0,0.0
2026-05-19,4,2,283.0,26.0,0.0
2026-05-19,4,3,515.0,73.0,0.0
2026-05-19,4,4,294.22,26.0,0.0
2026-05-19,4,5,93.0,19.0,0.0
2026-05-19,5,1,89.99,19.0,0.0
2026-05-19,5,2,162.52,8.0,140.0
2026-05-19,5,3,148.71,18.0,0.0
2026-05-19,5,4,67.23,11.0,0.0
2026-05-19,5,5,63.68,5.0,0.0
2026-05-19,6,1,102.98,18.0,0.0
2026-05-19,6,2,138.12,12.0,0.0
2026-05-19,6,3,231.53,21.0,0.0
2026-05-19,6,4,28.83,9.0,0.0
2026-05-19,6,5,17.01,3.0,0.0
2026-05-19,7,1,67.18,9.0,0.0
2026-05-19,7,2,44.98,9.0,0.0
2026-05-19,7,3,89.92,33.0,0.0
2026-05-19,7,4,37.84,9.0,0.0
2026-05-19,7,5,54.22,4.0,0.0
2026-05-19,8,1,86.13,20.0,0.0
2026-05-19,8,2,83.14,8.0,0.0
2026-05-19,8,3,323.19,28.0,0.0
2026-05-19,8,4,115.73,9.0,0.0
2026-05-19,8,5,80.29,5.0,70.0
2026-05-19,9,1,205.53,21.0,0.0
2026-05-19,9,2,98.6,10.0,0.0
2026-05-19,9,3,175.35,34.0,0.0
2026-05-19,9,4,32.1,8.0,0.0
2026-05-19,9,5,81.04,3.0,0.0
2026-05-19,10,1,78.55,17.0,0.0
2026-05-19,10,2,36.55,16.0,0.0
2026-05-19,10,3,185.84,25.0,0.0
2026-05-19,10,4,81.19,11.0,0.0
2026-05-19,10,5,79.44,0.0,70.0
2026-05-19,11,1,211.75,14.0,0.0
2026-05-19,11,2,161.45,11.0,140.0
2026-05-19,11,3,160.45,19.0,0.0
2026-05-19,11,4,59.35,6.0,0.0
2026-05-19,11,5,76.79,4.0,0.0
2026-05-19,12,1,195.46,12.0,0.0
2026-05-19,12,2,31.57,16.0,0.0
2026-05-19,12,3,89.83,26.0,0.0
2026-05-19,12,4,142.03,8.0,112.0
2026-05-19,12,5,78.54,6.0,0.0
2026-05-19,13,1,71.99,13.0,0.0
2026-05-19,13,2,71.74,7.0,0.0
2026-05-19,13,3,93.08,30.0,0.0
2026-05-19,13,4,54.34,8.0,0.0
2026-05-19,13,5,48.55,3.0,0.0
2026-05-19,14,1,112.18,15.0,0.0
2026-05-19,14,2,51.33,16.0,0.0
2026-05-19,14,3,43.0,18.0,0.0
2026-05-19,14,4,96.61,9.0,0.0
2026-05-19,14,5,26.0,2.0,0.0
2026-05-19,15,1,107.4,20.0,0.0
2026-05-19,15,2,81.98,9.0,0.0
2026-05-19,15,3,178.53,32.0,0.0
2026-05-19,15,4,65.27,8.0,0.0
2026-05-19,15,5,22.0,8.0,0.0
2026-05-19,16,1,183.0,11.0,0.0
2026-05-19,16,2,154.46,8.0,0.0
2026-05-19,16,3,61.64,24.0,0.0
2026-05-19,16,4,28.4,10.0,0.0
2026-05-19,16,5,28.0,2.0,0.0
2026-05-20,2,1,435.89,43.0,0.0
2026-05-20,2,2,338.0,22.0,0.0
2026-05-20,2,3,626.25,68.0,0.0
2026-05-20,2,4,257.0,28.0,0.0
2026-05-20,2,5,173.0,16.0,0.0
2026-05-20,3,1,511.9,58.0,0.0
2026-05-20,3,2,397.0,24.0,0.0
2026-05-20,3,3,834.55,75.0,0.0
2026-05-20,3,4,280.0,31.0,0.0
2026-05-20,3,5,225.0,15.0,0.0
2026-05-20,4,1,328.0,50.0,0.0
2026-05-20,4,2,248.0,35.0,0.0
2026-05-20,4,3,448.0,67.0,0.0
2026-05-20,4,4,272.22,22.0,0.0
2026-05-20,4,5,76.0,17.0,0.0
2026-05-20,5,1,78.99,11.0,0.0
2026-05-20,5,2,155.52,7.0,0.0
2026-05-20,5,3,130.71,18.0,0.0
2026-05-20,5,4,58.23,9.0,0.0
2026-05-20,5,5,57.68,6.0,0.0
2026-05-20,6,1,83.98,19.0,0.0
2026-05-20,6,2,129.12,9.0,0.0
2026-05-20,6,3,206.53,25.0,0.0
2026-05-20,6,4,17.83,11.0,0.0
2026-05-20,6,5,82.01,5.0,70.0
2026-05-20,7,1,56.18,11.0,0.0
2026-05-20,7,2,176.98,8.0,140.0
2026-05-20,7,3,68.92,21.0,0.0
2026-05-20,7,4,27.84,10.0,0.0
2026-05-20,7,5,52.22,2.0,0.0
2026-05-20,8,1,74.13,12.0,0.0
2026-05-20,8,2,70.14,13.0,0.0
2026-05-20,8,3,293.19,30.0,0.0
2026-05-20,8,4,103.73,12.0,0.0
2026-05-20,8,5,72.29,8.0,0.0
2026-05-20,9,1,185.53,20.0,0.0
2026-05-20,9,2,85.6,13.0,0.0
2026-05-20,9,3,158.35,17.0,0.0
2026-05-20,9,4,26.1,6.0,0.0
2026-05-20,9,5,75.04,6.0,0.0
2026-05-20,10,1,63.55,15.0,0.0
2026-05-20,10,2,170.55,6.0,140.0
2026-05-20,10,3,159.84,26.0,0.0
2026-05-20,10,4,76.19,5.0,0.0
2026-05-20,10,5,75.44,4.0,0.0
2026-05-20,11,1,198.75,13.0,0.0
2026-05-20,11,2,152.45,9.0,0.0
2026-05-20,11,3,135.45,25.0,0.0
2026-05-20,11,4,42.35,17.0,0.0
2026-05-20,11,5,74.79,2.0,0.0
2026-05-20,12,1,186.46,9.0,0.0
2026-05-20,12,2,22.57,9.0,0.0
2026-05-20,12,3,60.83,29.0,0.0
2026-05-20,12,4,132.03,10.0,0.0
2026-05-20,12,5,76.54,2.0,0.0
2026-05-20,13,1,53.99,18.0,0.0
2026-05-20,13,2,62.74,9.0,0.0
2026-05-20,13,3,68.08,25.0,0.0
2026-05-20,13,4,32.34,22.0,0.0
2026-05-20,13,5,39.55,9.0,0.0
2026-05-20,14,1,91.18,21.0,0.0
2026-05-20,14,2,48.33,3.0,0.0
2026-05-20,14,3,358.0,35.0,350.0
2026-05-20,14,4,84.61,12.0,0.0
2026-05-20,14,5,23.0,3.0,0.0
2026-05-20,15,1,96.4,11.0,0.0
2026-05-20,15,2,68.98,13.0,0.0
2026-05-20,15,3,155.53,23.0,0.0
2026-05-20,15,4,56.27,9.0,0.0
2026-05-20,15,5,16.0,6.0,0.0
2026-05-20,16,1,168.0,15.0,0.0
2026-05-20,16,2,142.46,12.0,0.0
2026-05-20,16,3,23.64,38.0,0.0
2026-05-20,16,4,16.4,12.0,0.0
2026-05-20,16,5,24.0,4.0,0.0
2026-05-21,2,1,390.89,45.0,0.0
2026-05-21,2,2,307.0,31.0,0.0
2026-05-21,2,3,549.25,77.0,0.0
2026-05-21,2,4,226.0,31.0,0.0
2026-05-21,2,5,159.0,14.0,0.0
2026-05-21,3,1,459.9,52.0,0.0
2026-05-21,3,2,367.0,30.0,0.0
2026-05-21,3,3,762.55,72.0,0.0
2026-05-21,3,4,257.0,23.0,0.0
2026-05-21,3,5,206.0,19.0,0.0
2026-05-21,4,1,288.0,40.0,0.0
2026-05-21,4,2,215.0,33.0,0.0
2026-05-21,4,3,378.0,70.0,0.0
2026-05-21,4,4,251.22,21.0,0.0
2026-05-21,4,5,62.0,14.0,0.0
2026-05-21,5,1,61.99,17.0,0.0
2026-05-21,5,2,148.52,7.0,0.0
2026-05-21,5,3,98.71,32.0,0.0
2026-05-21,5,4,47.23,11.0,0.0
2026-05-21,5,5,49.68,8.0,0.0
2026-05-21,6,1,66.98,17.0,0.0
2026-05-21,6,2,121.12,8.0,0.0
2026-05-21,6,3,183.53,23.0,0.0
2026-05-21,6,4,120.83,9.0,112.0
2026-05-21,6,5,81.01,1.0,0.0
2026-05-21,7,1,45.18,11.0,0.0
2026-05-21,7,2,165.98,11.0,0.0
2026-05-21,7,3,43.92,25.0,0.0
2026-05-21,7,4,16.84,11.0,0.0
2026-05-21,7,5,50.22,2.0,0.0
2026-05-21,8,1,57.13,17.0,0.0
2026-05-21,8,2,62.14,8.0,0.0
2026-05-21,8,3,264.19,29.0,0.0
2026-05-21,8,4,92.73,11.0,0.0
2026-05-21,8,5,70.29,2.0,0.0
2026-05-21,9,1,174.53,11.0,0.0
2026-05-21,9,2,78.6,7.0,0.0
2026-05-21,9,3,131.35,27.0,0.0
2026-05-21,9,4,129.1,9.0,112.0
2026-05-21,9,5,66.04,9.0,0.0
2026-05-21,10,1,49.55,14.0,0.0
2026-05-21,10,2,162.55,8.0,0.0
2026-05-21,10,3,136.84,23.0,0.0
2026-05-21,10,4,67.19,9.0,0.0
2026-05-21,10,5,70.44,5.0,0.0
2026-05-21,11,1,180.75,18.0,0.0
2026-05-21,11,2,144.45,8.0,0.0
2026-05-21,11,3,113.45,22.0,0.0
2026-05-21,11,4,32.35,10.0,0.0
2026-05-21,11,5,66.79,8.0,0.0
2026-05-21,12,1,175.46,11.0,0.0
2026-05-21,12,2,12.57,10.0,0.0
2026-05-21,12,3,34.83,26.0,0.0
2026-05-21,12,4,127.03,5.0,0.0
2026-05-21,12,5,72.54,4.0,0.0
2026-05-21,13,1,41.99,12.0,0.0
2026-05-21,13,2,50.74,12.0,0.0
2026-05-21,13,3,40.08,28.0,0.0
2026-05-21,13,4,25.34,7.0,0.0
2026-05-21,13,5,34.55,5.0,0.0
2026-05-21,14,1,81.18,10.0,0.0
2026-05-21,14,2,35.33,13.0,0.0
2026-05-21,14,3,334.0,24.0,0.0
2026-05-21,14,4,73.61,11.0,0.0
2026-05-21,14,5,88.0,5.0,70.0
2026-05-21,15,1,84.4,12.0,0.0
2026-05-21,15,2,61.98,7.0,0.0
2026-05-21,15,3,135.53,20.0,0.0
2026-05-21,15,4,49.27,7.0,0.0
2026-05-21,15,5,81.0,5.0,70.0
2026-05-21,16,1,154.0,14.0,0.0
2026-05-21,16,2,124.46,18.0,0.0
2026-05-21,16,3,360.64,13.0,350.0
2026-05-21,16,4,123.4,5.0,112.0
2026-05-21,16,5,92.0,2.0,70.0
2026-05-22,2,1,348.89,42.0,0.0
2026-05-22,2,2,273.0,34.0,0.0
2026-05-22,2,3,462.25,87.0,0.0
2026-05-22,2,4,204.0,22.0,0.0
2026-05-22,2,5,147.0,12.0,0.0
2026-05-22,3,1,420.9,39.0,0.0
2026-05-22,3,2,339.0,28.0,0.0
2026-05-22,3,3,684.55,78.0,0.0
2026-05-22,3,4,240.0,17.0,0.0
2026-05-22,3,5,190.0,16.0,0.0
2026-05-22,4,1,263.0,25.0,0.0
2026-05-22,4,2,189.0,26.0,0.0
2026-05-22,4,3,307.0,71.0,0.0
2026-05-22,4,4,229.22,22.0,0.0
2026-05-22,4,5,260.0,12.0,210.0
2026-05-22,5,1,47.99,14.0,0.0
2026-05-22,5,2,140.52,8.0,0.0
2026-05-22,5,3,74.71,24.0,0.0
2026-05-22,5,4,42.23,5.0,0.0
2026-05-22,5,5,37.68,12.0,0.0
2026-05-22,6,1,50.98,16.0,0.0
2026-05-22,6,2,111.12,10.0,0.0
2026-05-22,6,3,154.53,29.0,0.0
2026-05-22,6,4,117.83,3.0,0.0
2026-05-22,6,5,74.01,7.0,0.0
2026-05-22,7,1,237.18,18.0,210.0
2026-05-22,7,2,161.98,4.0,0.0
2026-05-22,7,3,366.92,27.0,350.0
2026-05-22,7,4,123.84,5.0,112.0
2026-05-22,7,5,47.22,3.0,0.0
2026-05-22,8,1,38.13,19.0,0.0
2026-05-22,8,2,53.14,9.0,0.0
2026-05-22,8,3,244.19,20.0,0.0
2026-05-22,8,4,84.73,8.0,0.0
2026-05-22,8,5,64.29,6.0,0.0
2026-05-22,9,1,157.53,17.0,0.0
2026-05-22,9,2,66.6,12.0,0.0
2026-05-22,9,3,103.35,28.0,0.0
2026-05-22,9,4,119.1,10.0,0.0
2026-05-22,9,5,62.04,4.0,0.0
2026-05-22,10,1,33.55,16.0,0.0
2026-05-22,10,2,149.55,13.0,0.0
2026-05-22,10,3,113.84,23.0,0.0
2026-05-22,10,4,62.19,5.0,0.0
2026-05-22,10,5,60.44,10.0,0.0
2026-05-22,11,1,170.75,10.0,0.0
2026-05-22,11,2,129.45,15.0,0.0
2026-05-22,11,3,97.45,16.0,0.0
2026-05-22,11,4,22.35,10.0,0.0
2026-05-22,11,5,61.79,5.0,0.0
2026-05-22,12,1,160.46,15.0,0.0
2026-05-22,12,2,140.57,12.0,140.0
2026-05-22,12,3,366.83,18.0,350.0
2026-05-22,12,4,109.03,18.0,0.0
2026-05-22,12,5,66.54,6.0,0.0
2026-05-22,13,1,28.99,13.0,0.0
2026-05-22,13,2,40.74,10.0,0.0
2026-05-22,13,3,367.08,23.0,350.0
2026-05-22,13,4,16.34,9.0,0.0
2026-05-22,13,5,29.55,5.0,0.0
2026-05-22,14,1,59.18,22.0,0.0
2026-05-22,14,2,167.33,8.0,140.0
2026-05-22,14,3,304.0,30.0,0.0
2026-05-22,14,4,62.61,11.0,0.0
2026-05-22,14,5,85.0,3.0,0.0
2026-05-22,15,1,79.4,5.0,0.0
2026-05-22,15,2,50.98,11.0,0.0
2026-05-22,15,3,114.53,21.0,0.0
2026-05-22,15,4,39.27,10.0,0.0
2026-05-22,15,5,75.0,6.0,0.0
2026-05-22,16,1,141.0,13.0,0.0
2026-05-22,16,2,111.46,13.0,0.0
2026-05-22,16,3,331.64,29.0,0.0
2026-05-22,16,4,113.4,10.0,0.0
2026-05-22,16,5,87.0,5.0,0.0
2026-05-23,2,1,321.89,27.0,0.0
2026-05-23,2,2,243.0,30.0,0.0
2026-05-23,2,3,391.25,71.0,0.0
2026-05-23,2,4,174.0,30.0,0.0
2026-05-23,2,5,136.0,11.0,0.0
2026-05-23,3,1,382.9,38.0,0.0
2026-05-23,3,2,314.0,25.0,0.0
2026-05-23,3,3,615.55,69.0,0.0
2026-05-23,3,4,214.0,26.0,0.0
2026-05-23,3,5,183.0,7.0,0.0
2026-05-23,4,1,237.0,26.0,0.0
2026-05-23,4,2,167.0,22.0,0.0
2026-05-23,4,3,247.0,60.0,0.0
2026-05-23,4,4,207.22,22.0,0.0
2026-05-23,4,5,245.0,15.0,0.0
2026-05-23,5,1,29.99,18.0,0.0
2026-05-23,5,2,137.52,3.0,0.0
2026-05-23,5,3,49.71,25.0,0.0
2026-05-23,5,4,38.23,4.0,0.0
2026-05-23,5,5,32.68,5.0,0.0
2026-05-23,6,1,35.98,15.0,0.0
2026-05-23,6,2,101.12,10.0,0.0
2026-05-23,6,3,126.53,28.0,0.0
2026-05-23,6,4,110.83,7.0,0.0
2026-05-23,6,5,68.01,6.0,0.0
2026-05-23,7,1,223.18,14.0,0.0
2026-05-23,7,2,156.98,5.0,0.0
2026-05-23,7,3,349.92,17.0,0.0
2026-05-23,7,4,117.84,6.0,0.0
2026-05-23,7,5,43.22,4.0,0.0
2026-05-23,8,1,29.13,9.0,0.0
2026-05-23,8,2,44.14,9.0,0.0
2026-05-23,8,3,219.19,25.0,0.0
2026-05-23,8,4,75.73,9.0,0.0
2026-05-23,8,5,62.29,2.0,0.0
2026-05-23,9,1,146.53,11.0,0.0
2026-05-23,9,2,60.6,6.0,0.0
2026-05-23,9,3,80.35,23.0,0.0
2026-05-23,9,4,111.1,8.0,0.0
2026-05-23,9,5,58.04,4.0,0.0
2026-05-23,10,1,229.55,14.0,210.0
2026-05-23,10,2,142.55,7.0,0.0
2026-05-23,10,3,90.84,23.0,0.0
2026-05-23,10,4,60.19,2.0,0.0
2026-05-23,10,5,59.44,1.0,0.0
2026-05-23,11,1,157.75,13.0,0.0
2026-05-23,11,2,115.45,14.0,0.0
2026-05-23,11,3,77.45,20.0,0.0
2026-05-23,11,4,9.35,13.0,0.0
2026-05-23,11,5,59.79,2.0,0.0
2026-05-23,12,1,145.46,15.0,0.0
2026-05-23,12,2,126.57,14.0,0.0
2026-05-23,12,3,352.83,14.0,0.0
2026-05-23,12,4,97.03,12.0,0.0
2026-05-23,12,5,64.54,2.0,0.0
2026-05-23,13,1,231.99,7.0,210.0
2026-05-23,13,2,31.74,9.0,0.0
2026-05-23,13,3,356.08,11.0,0.0
2026-05-23,13,4,7.34,9.0,0.0
2026-05-23,13,5,26.55,3.0,0.0
2026-05-23,14,1,43.18,16.0,0.0
2026-05-23,14,2,156.33,11.0,0.0
2026-05-23,14,3,284.0,20.0,0.0
2026-05-23,14,4,57.61,5.0,0.0
2026-05-23,14,5,82.0,3.0,0.0
2026-05-23,15,1,64.4,15.0,0.0
2026-05-23,15,2,39.98,11.0,0.0
2026-05-23,15,3,93.53,21.0,0.0
2026-05-23,15,4,35.27,4.0,0.0
2026-05-23,15,5,71.0,4.0,0.0
2026-05-23,16,1,129.0,12.0,0.0
2026-05-23,16,2,106.46,5.0,0.0
2026-05-23,16,3,303.64,28.0,0.0
2026-05-23,16,4,105.4,8.0,0.0
2026-05-23,16,5,82.0,5.0,0.0
2026-05-24,2,1,284.89,37.0,0.0
2026-05-24,2,2,214.0,29.0,0.0
2026-05-24,2,3,328.25,63.0,0.0
2026-05-24,2,4,146.0,28.0,0.0
2026-05-24,2,5,118.0,18.0,0.0
2026-05-24,3,1,345.9,37.0,0.0
2026-05-24,3,2,290.0,24.0,0.0
2026-05-24,3,3,551.55,64.0,0.0
2026-05-24,3,4,193.0,21.0,0.0
2026-05-24,3,5,168.0,15.0,0.0
2026-05-24,4,1,195.0,42.0,0.0
2026-05-24,4,2,139.0,28.0,0.0
2026-05-24,4,3,191.0,56.0,0.0
2026-05-24,4,4,188.22,19.0,0.0
2026-05-24,4,5,228.0,17.0,0.0
2026-05-24,5,1,225.99,14.0,210.0
2026-05-24,5,2,131.52,6.0,0.0
2026-05-24,5,3,381.71,18.0,350.0
2026-05-24,5,4,31.23,7.0,0.0
2026-05-24,5,5,26.68,6.0,0.0
2026-05-24,6,1,234.98,11.0,210.0
2026-05-24,6,2,88.12,13.0,0.0
2026-05-24,6,3,110.53,16.0,0.0
2026-05-24,6,4,100.83,10.0,0.0
2026-05-24,6,5,62.01,6.0,0.0
2026-05-24,7,1,213.18,10.0,0.0
2026-05-24,7,2,152.98,4.0,0.0
2026-05-24,7,3,333.92,16.0,0.0
2026-05-24,7,4,114.84,3.0,0.0
2026-05-24,7,5,38.22,5.0,0.0
2026-05-24,8,1,222.13,17.0,210.0
2026-05-24,8,2,34.14,10.0,0.0
2026-05-24,8,3,198.19,21.0,0.0
2026-05-24,8,4,62.73,13.0,0.0
2026-05-24,8,5,57.29,5.0,0.0
2026-05-24,9,1,132.53,14.0,0.0
2026-05-24,9,2,50.6,10.0,0.0
2026-05-24,9,3,59.35,21.0,0.0
2026-05-24,9,4,100.1,11.0,0.0
2026-05-24,9,5,51.04,7.0,0.0
2026-05-24,10,1,216.55,13.0,0.0
2026-05-24,10,2,131.55,11.0,0.0
2026-05-24,10,3,67.84,23.0,0.0
2026-05-24,10,4,56.19,4.0,0.0
2026-05-24,10,5,56.44,3.0,0.0
2026-05-24,11,1,146.75,11.0,0.0
2026-05-24,11,2,103.45,12.0,0.0
2026-05-24,11,3,59.45,18.0,0.0
2026-05-24,11,4,115.35,6.0,112.0
2026-05-24,11,5,54.79,5.0,0.0
2026-05-24,12,1,130.46,15.0,0.0
2026-05-24,12,2,121.57,5.0,0.0
2026-05-24,12,3,335.83,17.0,0.0
2026-05-24,12,4,89.03,8.0,0.0
2026-05-24,12,5,60.54,4.0,0.0
2026-05-24,13,1,219.99,12.0,0.0
2026-05-24,13,2,161.74,10.0,140.0
2026-05-24,13,3,333.08,23.0,0.0
2026-05-24,13,4,109.34,10.0,112.0
2026-05-24,13,5,24.55,2.0,0.0
2026-05-24,14,1,32.18,11.0,0.0
2026-05-24,14,2,146.33,10.0,0.0
2026-05-24,14,3,256.0,28.0,0.0
2026-05-24,14,4,49.61,8.0,0.0
2026-05-24,14,5,72.0,10.0,0.0
2026-05-24,15,1,49.4,15.0,0.0
2026-05-24,15,2,32.98,7.0,0.0
2026-05-24,15,3,76.53,17.0,0.0
2026-05-24,15,4,28.27,7.0,0.0
2026-05-24,15,5,66.0,5.0,0.0
2026-05-24,16,1,110.0,19.0,0.0
2026-05-24,16,2,100.46,6.0,0.0
2026-05-24,16,3,283.64,20.0,0.0
2026-05-24,16,4,97.4,8.0,0.0
2026-05-24,16,5,77.0,5.0,0.0
2026-05-25,2,1,229.89,55.0,0.0
2026-05-25,2,2,186.0,28.0,0.0
2026-05-25,2,3,255.25,73.0,0.0
2026-05-25,2,4,122.0,24.0,0.0
2026-05-25,2,5,98.0,20.0,0.0
2026-05-25,3,1,298.9,47.0,0.0
2026-05-25,3,2,263.0,27.0,0.0
2026-05-25,3,3,476.55,75.0,0.0
2026-05-25,3,4,176.0,17.0,0.0
2026-05-25,3,5,155.0,13.0,0.0
2026-05-25,4,1,147.0,48.0,0.0
2026-05-25,4,2,115.0,24.0,0.0
2026-05-25,4,3,109.0,82.0,0.0
2026-05-25,4,4,170.22,18.0,0.0
2026-05-25,4,5,216.0,12.0,0.0
2026-05-25,5,1,206.99,19.0,0.0
2026-05-25,5,2,125.52,6.0,0.0
2026-05-25,5,3,353.71,28.0,0.0
2026-05-25,5,4,135.23,8.0,112.0
2026-05-25,5,5,24.68,2.0,0.0
2026-05-25,6,1,221.98,13.0,0.0
2026-05-25,6,2,83.12,5.0,0.0
2026-05-25,6,3,90.53,20.0,0.0
2026-05-25,6,4,95.83,5.0,0.0
2026-05-25,6,5,55.01,7.0,0.0
2026-05-25,7,1,196.18,17.0,0.0
2026-05-25,7,2,139.98,13.0,0.0
2026-05-25,7,3,308.92,25.0,0.0
2026-05-25,7,4,108.84,6.0,0.0
2026-05-25,7,5,29.22,9.0,0.0
2026-05-25,8,1,208.13,14.0,0.0
2026-05-25,8,2,163.14,11.0,140.0
2026-05-25,8,3,175.19,23.0,0.0
2026-05-25,8,4,58.73,4.0,0.0
2026-05-25,8,5,54.29,3.0,0.0
2026-05-25,9,1,121.53,11.0,0.0
2026-05-25,9,2,40.6,10.0,0.0
2026-05-25,9,3,34.35,25.0,0.0
2026-05-25,9,4,93.1,7.0,0.0
2026-05-25,9,5,45.04,6.0,0.0
2026-05-25,10,1,194.55,22.0,0.0
2026-05-25,10,2,129.55,2.0,0.0
2026-05-25,10,3,39.84,28.0,0.0
2026-05-25,10,4,49.19,7.0,0.0
2026-05-25,10,5,46.44,10.0,0.0
2026-05-25,11,1,131.75,15.0,0.0
2026-05-25,11,2,92.45,11.0,0.0
2026-05-25,11,3,39.45,20.0,0.0
2026-05-25,11,4,104.35,11.0,0.0
2026-05-25,11,5,45.79,9.0,0.0
2026-05-25,12,1,119.46,11.0,0.0
2026-05-25,12,2,112.57,9.0,0.0
2026-05-25,12,3,309.83,26.0,0.0
2026-05-25,12,4,85.03,4.0,0.0
2026-05-25,12,5,58.54,2.0,0.0
2026-05-25,13,1,207.99,12.0,0.0
2026-05-25,13,2,148.74,13.0,0.0
2026-05-25,13,3,315.08,18.0,0.0
2026-05-25,13,4,102.34,7.0,0.0
2026-05-25,13,5,88.55,6.0,70.0
2026-05-25,14,1,223.18,19.0,210.0
2026-05-25,14,2,138.33,8.0,0.0
2026-05-25,14,3,245.0,11.0,0.0
2026-05-25,14,4,41.61,8.0,0.0
2026-05-25,14,5,67.0,5.0,0.0
2026-05-25,15,1,40.4,9.0,0.0
2026-05-25,15,2,161.98,11.0,140.0
2026-05-25,15,3,52.53,24.0,0.0
2026-05-25,15,4,22.27,6.0,0.0
2026-05-25,15,5,63.0,3.0,0.0
2026-05-25,16,1,90.0,20.0,0.0
2026-05-25,16,2,94.46,6.0,0.0
2026-05-25,16,3,262.64,21.0,0.0
2026-05-25,16,4,85.4,12.0,0.0
2026-05-25,16,5,74.0,3.0,0.0
2026-05-26,2,1,188.89,41.0,0.0
2026-05-26,2,2,160.0,26.0,0.0
2026-05-26,2,3,182.25,73.0,0.0
2026-05-26,2,4,96.0,26.0,0.0
2026-05-26,2,5,77.0,21.0,0.0
2026-05-26,3,1,256.9,42.0,0.0
2026-05-26,3,2,232.0,31.0,0.0
2026-05-26,3,3,396.55,80.0,0.0
2026-05-26,3,4,159.0,17.0,0.0
2026-05-26,3,5,133.0,22.0,0.0
2026-05-26,4,1,104.0,43.0,0.0
2026-05-26,4,2,508.0,27.0,420.0
2026-05-26,4,3,1074.0,85.0,1050.0
2026-05-26,4,4,135.22,35.0,0.0
2026-05-26,4,5,206.0,10.0,0.0
2026-05-26,5,1,194.99,12.0,0.0
2026-05-26,5,2,116.52,9.0,0.0
2026-05-26,5,3,323.71,30.0,0.0
2026-05-26,5,4,126.23,9.0,0.0
2026-05-26,5,5,20.68,4.0,0.0
2026-05-26,6,1,203.98,18.0,0.0
2026-05-26,6,2,73.12,10.0,0.0
2026-05-26,6,3,75.53,15.0,0.0
2026-05-26,6,4,83.83,12.0,0.0
2026-05-26,6,5,52.01,3.0,0.0
2026-05-26,7,1,179.18,17.0,0.0
2026-05-26,7,2,136.98,3.0,0.0
2026-05-26,7,3,281.92,27.0,0.0
2026-05-26,7,4,100.84,8.0,0.0
2026-05-26,7,5,24.22,5.0,0.0
2026-05-26,8,1,189.13,19.0,0.0
2026-05-26,8,2,151.14,12.0,0.0
2026-05-26,8,3,159.19,16.0,0.0
2026-05-26,8,4,53.73,5.0,0.0
2026-05-26,8,5,46.29,8.0,0.0
2026-05-26,9,1,98.53,23.0,0.0
2026-05-26,9,2,28.6,12.0,0.0
2026-05-26,9,3,361.35,23.0,350.0
2026-05-26,9,4,87.1,6.0,0.0
2026-05-26,9,5,42.04,3.0,0.0
2026-05-26,10,1,181.55,13.0,0.0
2026-05-26,10,2,120.55,9.0,0.0
2026-05-26,10,3,360.84,29.0,350.0
2026-05-26,10,4,48.19,1.0,0.0
2026-05-26,10,5,43.44,3.0,0.0
2026-05-26,11,1,117.75,14.0,0.0
2026-05-26,11,2,81.45,11.0,0.0
2026-05-26,11,3,357.45,32.0,350.0
2026-05-26,11,4,95.35,9.0,0.0
2026-05-26,11,5,38.79,7.0,0.0
2026-05-26,12,1,104.46,15.0,0.0
2026-05-26,12,2,103.57,9.0,0.0
2026-05-26,12,3,285.83,24.0,0.0
2026-05-26,12,4,75.03,10.0,0.0
2026-05-26,12,5,50.54,8.0,0.0
2026-05-26,13,1,197.99,10.0,0.0
2026-05-26,13,2,138.74,10.0,0.0
2026-05-26,13,3,294.08,21.0,0.0
2026-05-26,13,4,93.34,9.0,0.0
2026-05-26,13,5,84.55,4.0,0.0
2026-05-26,14,1,205.18,18.0,0.0
2026-05-26,14,2,128.33,10.0,0.0
2026-05-26,14,3,222.0,23.0,0.0
2026-05-26,14,4,36.61,5.0,0.0
2026-05-26,14,5,63.0,4.0,0.0
2026-05-26,15,1,234.4,16.0,210.0
2026-05-26,15,2,153.98,8.0,0.0
2026-05-26,15,3,23.53,29.0,0.0
2026-05-26,15,4,128.27,6.0,112.0
2026-05-26,15,5,56.0,7.0,0.0
2026-05-26,16,1,78.0,12.0,0.0
2026-05-26,16,2,86.46,8.0,0.0
2026-05-26,16,3,235.64,27.0,0.0
2026-05-26,16,4,80.4,5.0,0.0
2026-05-26,16,5,70.0,4.0,0.0
2026-05-27,2,1,138.89,50.0,0.0
2026-05-27,2,2,126.0,34.0,0.0
2026-05-27,2,3,106.25,76.0,0.0
2026-05-27,2,4,80.0,16.0,0.0
2026-05-27,2,5,67.0,10.0,0.0
2026-05-27,3,1,211.9,45.0,0.0
2026-05-27,3,2,205.0,27.0,0.0
2026-05-27,3,3,323.55,73.0,0.0
2026-05-27,3,4,131.0,28.0,0.0
2026-05-27,3,5,118.0,15.0,0.0
2026-05-27,4,1,695.0,39.0,630.0
2026-05-27,4,2,478.0,30.0,0.0
2026-05-27,4,3,1001.0,73.0,0.0
2026-05-27,4,4,116.22,19.0,0.0
2026-05-27,4,5,183.0,23.0,0.0
2026-05-27,5,1,177.99,17.0,0.0
2026-05-27,5,2,106.52,10.0,0.0
2026-05-27,5,3,284.71,39.0,0.0
2026-05-27,5,4,115.23,11.0,0.0
2026-05-27,5,5,15.68,5.0,0.0
2026-05-27,6,1,183.98,20.0,0.0
2026-05-27,6,2,58.12,15.0,0.0
2026-05-27,6,3,47.53,28.0,0.0
2026-05-27,6,4,73.83,10.0,0.0
2026-05-27,6,5,43.01,9.0,0.0
2026-05-27,7,1,164.18,15.0,0.0
2026-05-27,7,2,125.98,11.0,0.0
2026-05-27,7,3,260.92,21.0,0.0
2026-05-27,7,4,90.84,10.0,0.0
2026-05-27,7,5,90.22,4.0,70.0
2026-05-27,8,1,175.13,14.0,0.0
2026-05-27,8,2,141.14,10.0,0.0
2026-05-27,8,3,135.19,24.0,0.0
2026-05-27,8,4,43.73,10.0,0.0
2026-05-27,8,5,44.29,2.0,0.0
2026-05-27,9,1,88.53,10.0,0.0
2026-05-27,9,2,158.6,10.0,140.0
2026-05-27,9,3,337.35,24.0,0.0
2026-05-27,9,4,83.1,4.0,0.0
2026-05-27,9,5,38.04,4.0,0.0
2026-05-27,10,1,165.55,16.0,0.0
2026-05-27,10,2,108.55,12.0,0.0
2026-05-27,10,3,336.84,24.0,0.0
2026-05-27,10,4,39.19,9.0,0.0
2026-05-27,10,5,39.44,4.0,0.0
2026-05-27,11,1,106.75,11.0,0.0
2026-05-27,11,2,77.45,4.0,0.0
2026-05-27,11,3,325.45,32.0,0.0
2026-05-27,11,4,86.35,9.0,0.0
2026-05-27,11,5,34.79,4.0,0.0
2026-05-27,12,1,92.46,12.0,0.0
2026-05-27,12,2,90.57,13.0,0.0
2026-05-27,12,3,265.83,20.0,0.0
2026-05-27,12,4,67.03,8.0,0.0
2026-05-27,12,5,45.54,5.0,0.0
2026-05-27,13,1,181.99,16.0,0.0
2026-05-27,13,2,130.74,8.0,0.0
2026-05-27,13,3,268.08,26.0,0.0
2026-05-27,13,4,85.34,8.0,0.0
2026-05-27,13,5,82.55,2.0,0.0
2026-05-27,14,1,194.18,11.0,0.0
2026-05-27,14,2,119.33,9.0,0.0
2026-05-27,14,3,202.0,20.0,0.0
2026-05-27,14,4,23.61,13.0,0.0
2026-05-27,14,5,61.0,2.0,0.0
2026-05-27,15,1,217.4,17.0,0.0
2026-05-27,15,2,138.98,15.0,0.0
2026-05-27,15,3,349.53,24.0,350.0
2026-05-27,15,4,123.27,5.0,0.0
2026-05-27,15,5,52.0,4.0,0.0
2026-05-27,16,1,63.0,15.0,0.0
2026-05-27,16,2,73.46,13.0,0.0
2026-05-27,16,3,204.64,31.0,0.0
2026-05-27,16,4,73.4,7.0,0.0
2026-05-27,16,5,67.0,3.0,0.0
2026-05-28,2,1,88.89,50.0,0.0
2026-05-28,2,2,100.0,26.0,0.0
2026-05-28,2,3,1092.25,64.0,1050.0
2026-05-28,2,4,62.0,18.0,0.0
2026-05-28,2,5,51.0,16.0,0.0
2026-05-28,3,1,162.9,49.0,0.0
2026-05-28,3,2,177.0,28.0,0.0
2026-05-28,3,3,245.55,78.0,0.0
2026-05-28,3,4,98.0,33.0,0.0
2026-05-28,3,5,99.0,19.0,0.0
2026-05-28,4,1,654.0,41.0,0.0
2026-05-28,4,2,456.0,22.0,0.0
2026-05-28,4,3,926.0,75.0,0.0
2026-05-28,4,4,96.22,20.0,0.0
2026-05-28,4,5,161.0,22.0,0.0
2026-05-28,5,1,154.99,23.0,0.0
2026-05-28,5,2,97.52,9.0,0.0
2026-05-28,5,3,243.71,41.0,0.0
2026-05-28,5,4,105.23,10.0,0.0
2026-05-28,5,5,80.68,5.0,70.0
2026-05-28,6,1,164.98,19.0,0.0
2026-05-28,6,2,44.12,14.0,0.0
2026-05-28,6,3,21.53,26.0,0.0
2026-05-28,6,4,64.83,9.0,0.0
2026-05-28,6,5,39.01,4.0,0.0
2026-05-28,7,1,153.18,11.0,0.0
2026-05-28,7,2,115.98,10.0,0.0
2026-05-28,7,3,234.92,26.0,0.0
2026-05-28,7,4,84.84,6.0,0.0
2026-05-28,7,5,89.22,1.0,0.0
2026-05-28,8,1,163.13,12.0,0.0
2026-05-28,8,2,136.14,5.0,0.0
2026-05-28,8,3,105.19,30.0,0.0
2026-05-28,8,4,38.73,5.0,0.0
2026-05-28,8,5,40.29,4.0,0.0
2026-05-28,9,1,73.53,15.0,0.0
2026-05-28,9,2,146.6,12.0,0.0
2026-05-28,9,3,310.35,27.0,0.0
2026-05-28,9,4,79.1,4.0,0.0
2026-05-28,9,5,32.04,6.0,0.0
2026-05-28,10,1,154.55,11.0,0.0
2026-05-28,10,2,98.55,10.0,0.0
2026-05-28,10,3,311.84,25.0,0.0
2026-05-28,10,4,26.19,13.0,0.0
2026-05-28,10,5,36.44,3.0,0.0
2026-05-28,11,1,94.75,12.0,0.0
2026-05-28,11,2,64.45,13.0,0.0
2026-05-28,11,3,300.45,25.0,0.0
2026-05-28,11,4,80.35,6.0,0.0
2026-05-28,11,5,30.79,4.0,0.0
2026-05-28,12,1,72.46,20.0,0.0
2026-05-28,12,2,77.57,13.0,0.0
2026-05-28,12,3,235.83,30.0,0.0
2026-05-28,12,4,54.03,13.0,0.0
2026-05-28,12,5,38.54,7.0,0.0
2026-05-28,13,1,167.99,14.0,0.0
2026-05-28,13,2,121.74,9.0,0.0
2026-05-28,13,3,245.08,23.0,0.0
2026-05-28,13,4,77.34,8.0,0.0
2026-05-28,13,5,72.55,10.0,0.0
2026-05-28,14,1,182.18,12.0,0.0
2026-05-28,14,2,110.33,9.0,0.0
2026-05-28,14,3,183.0,19.0,0.0
2026-05-28,14,4,19.61,4.0,0.0
2026-05-28,14,5,52.0,9.0,0.0
2026-05-28,15,1,198.4,19.0,0.0
2026-05-28,15,2,127.98,11.0,0.0
2026-05-28,15,3,330.53,19.0,0.0
2026-05-28,15,4,116.27,7.0,0.0
2026-05-28,15,5,49.0,3.0,0.0
2026-05-28,16,1,37.0,26.0,0.0
2026-05-28,16,2,61.46,12.0,0.0
2026-05-28,16,3,177.64,27.0,0.0
2026-05-28,16,4,69.4,4.0,0.0
2026-05-28,16,5,63.0,4.0,0.0
2026-05-29,2,1,670.89,48.0,630.0
2026-05-29,2,2,482.0,38.0,420.0
2026-05-29,2,3,1020.25,72.0,0.0
2026-05-29,2,4,374.0,24.0,336.0
2026-05-29,2,5,241.0,20.0,210.0
2026-05-29,3,1,116.9,46.0,0.0
2026-05-29,3,2,148.0,29.0,0.0
2026-05-29,3,3,166.55,79.0,0.0
2026-05-29,3,4,76.0,22.0,0.0
2026-05-29,3,5,86.0,13.0,0.0
2026-05-29,4,1,605.0,49.0,0.0
2026-05-29,4,2,424.0,32.0,0.0
2026-05-29,4,3,853.0,73.0,0.0
2026-05-29,4,4,74.22,22.0,0.0
2026-05-29,4,5,152.0,9.0,0.0
2026-05-29,5,1,139.99,15.0,0.0
2026-05-29,5,2,88.52,9.0,0.0
2026-05-29,5,3,215.71,28.0,0.0
2026-05-29,5,4,98.23,7.0,0.0
2026-05-29,5,5,76.68,4.0,0.0
2026-05-29,6,1,149.98,15.0,0.0
2026-05-29,6,2,34.12,10.0,0.0
2026-05-29,6,3,342.53,29.0,350.0
2026-05-29,6,4,60.83,4.0,0.0
2026-05-29,6,5,36.01,3.0,0.0
2026-05-29,7,1,136.18,17.0,0.0
2026-05-29,7,2,105.98,10.0,0.0
2026-05-29,7,3,208.92,26.0,0.0
2026-05-29,7,4,74.84,10.0,0.0
2026-05-29,7,5,85.22,4.0,0.0
2026-05-29,8,1,143.13,20.0,0.0
2026-05-29,8,2,128.14,8.0,0.0
2026-05-29,8,3,74.19,31.0,0.0
2026-05-29,8,4,33.73,5.0,0.0
2026-05-29,8,5,36.29,4.0,0.0
2026-05-29,9,1,53.53,20.0,0.0
2026-05-29,9,2,141.6,5.0,0.0
2026-05-29,9,3,287.35,23.0,0.0
2026-05-29,9,4,72.1,7.0,0.0
2026-05-29,9,5,29.04,3.0,0.0
2026-05-29,10,1,137.55,17.0,0.0
2026-05-29,10,2,85.55,13.0,0.0
2026-05-29,10,3,277.84,34.0,0.0
2026-05-29,10,4,19.19,7.0,0.0
2026-05-29,10,5,29.44,7.0,0.0
2026-05-29,11,1,79.75,15.0,0.0
2026-05-29,11,2,56.45,8.0,0.0
2026-05-29,11,3,270.45,30.0,0.0
2026-05-29,11,4,77.35,3.0,0.0
2026-05-29,11,5,28.79,2.0,0.0
2026-05-29,12,1,57.46,15.0,0.0
2026-05-29,12,2,64.57,13.0,0.0
2026-05-29,12,3,212.83,23.0,0.0
2026-05-29,12,4,45.03,9.0,0.0
2026-05-29,12,5,32.54,6.0,0.0
2026-05-29,13,1,151.99,16.0,0.0
2026-05-29,13,2,109.74,12.0,0.0
2026-05-29,13,3,215.08,30.0,0.0
2026-05-29,13,4,74.34,3.0,0.0
2026-05-29,13,5,66.55,6.0,0.0
2026-05-29,14,1,169.18,13.0,0.0
2026-05-29,14,2,101.33,9.0,0.0
2026-05-29,14,3,156.0,27.0,0.0
2026-05-29,14,4,120.61,11.0,112.0
2026-05-29,14,5,49.0,3.0,0.0
2026-05-29,15,1,182.4,16.0,0.0
2026-05-29,15,2,117.98,10.0,0.0
2026-05-29,15,3,309.53,21.0,0.0
2026-05-29,15,4,104.27,12.0,0.0
2026-05-29,15,5,38.0,11.0,0.0
2026-05-29,16,1,22.0,15.0,0.0
2026-05-29,16,2,50.46,11.0,0.0
2026-05-29,16,3,147.64,30.0,0.0
2026-05-29,16,4,60.4,9.0,0.0
2026-05-29,16,5,57.0,6.0,0.0
